ACCOUNTANT,10554236.pdf
ACCOUNTANT,10674770.pdf
ACCOUNTANT,11163645.pdf
ACCOUNTANT,11759079.pdf
ACCOUNTANT,12065211.pdf
ACCOUNTANT,12202337.pdf
ACCOUNTANT,12338274.pdf
ACCOUNTANT,12442909.pdf
ACCOUNTANT,12780508.pdf
ACCOUNTANT,12802330.pdf
ACCOUNTANT,13072019.pdf
ACCOUNTANT,13130984.pdf
ACCOUNTANT,13294301.pdf
ACCOUNTANT,13491889.pdf
ACCOUNTANT,13701259.pdf
ACCOUNTANT,14055988.pdf
ACCOUNTANT,14126433.pdf
ACCOUNTANT,14224370.pdf
ACCOUNTANT,14449423.pdf
ACCOUNTANT,14470533.pdf
ACCOUNTANT,14491649.pdf
ACCOUNTANT,14496667.pdf
ACCOUNTANT,15289348.pdf
ACCOUNTANT,15363277.pdf
ACCOUNTANT,15592167.pdf
ACCOUNTANT,15821633.pdf
ACCOUNTANT,15906625.pdf
ACCOUNTANT,16237710.pdf
ACCOUNTANT,17306905.pdf
ACCOUNTANT,17407184.pdf
ACCOUNTANT,17556527.pdf
ACCOUNTANT,18132924.pdf
ACCOUNTANT,18365791.pdf
ACCOUNTANT,18569929.pdf
ACCOUNTANT,18635654.pdf
ACCOUNTANT,18669563.pdf
ACCOUNTANT,19446337.pdf
ACCOUNTANT,19545827.pdf
ACCOUNTANT,20082776.pdf
ACCOUNTANT,20253563.pdf
ACCOUNTANT,20345168.pdf
ACCOUNTANT,20393721.pdf
ACCOUNTANT,20624984.pdf
ACCOUNTANT,21031285.pdf
ACCOUNTANT,21338490.pdf
ACCOUNTANT,21763056.pdf
ACCOUNTANT,21794875.pdf
ACCOUNTANT,21853199.pdf
ACCOUNTANT,22465498.pdf
ACCOUNTANT,22925443.pdf
ACCOUNTANT,23139819.pdf
ACCOUNTANT,23246831.pdf
ACCOUNTANT,23387174.pdf
ACCOUNTANT,23416654.pdf
ACCOUNTANT,23438112.pdf
ACCOUNTANT,23513618.pdf
ACCOUNTANT,23636277.pdf
ACCOUNTANT,23734441.pdf
ACCOUNTANT,24103168.pdf
ACCOUNTANT,24294778.pdf
ACCOUNTANT,24703009.pdf
ACCOUNTANT,24799301.pdf
ACCOUNTANT,24817041.pdf
ACCOUNTANT,25067742.pdf
ACCOUNTANT,25127518.pdf
ACCOUNTANT,25462793.pdf
ACCOUNTANT,25547145.pdf
ACCOUNTANT,25749150.pdf
ACCOUNTANT,25846894.pdf
ACCOUNTANT,25862026.pdf
ACCOUNTANT,25867805.pdf
ACCOUNTANT,25935030.pdf
ACCOUNTANT,26065877.pdf
ACCOUNTANT,26975573.pdf
ACCOUNTANT,27558837.pdf
ACCOUNTANT,27573855.pdf
ACCOUNTANT,27637576.pdf
ACCOUNTANT,27980446.pdf
ACCOUNTANT,28298773.pdf
ACCOUNTANT,28359817.pdf
ACCOUNTANT,28614791.pdf
ACCOUNTANT,28939941.pdf
ACCOUNTANT,28969385.pdf
ACCOUNTANT,29050809.pdf
ACCOUNTANT,29456173.pdf
ACCOUNTANT,29821051.pdf
ACCOUNTANT,29999135.pdf
ACCOUNTANT,30304575.pdf
ACCOUNTANT,30361788.pdf
ACCOUNTANT,30813919.pdf
ACCOUNTANT,31602598.pdf
ACCOUNTANT,33527446.pdf
ACCOUNTANT,34198885.pdf
ACCOUNTANT,34816637.pdf
ACCOUNTANT,35554162.pdf
ACCOUNTANT,36024962.pdf
ACCOUNTANT,36425270.pdf
ACCOUNTANT,37370455.pdf
ACCOUNTANT,37997506.pdf
ACCOUNTANT,38847011.pdf
ACCOUNTANT,39115899.pdf
ACCOUNTANT,39674178.pdf
ACCOUNTANT,42487883.pdf
ACCOUNTANT,43685045.pdf
ACCOUNTANT,49204385.pdf
ACCOUNTANT,49997097.pdf
ACCOUNTANT,50222417.pdf
ACCOUNTANT,53640713.pdf
ACCOUNTANT,59403481.pdf
ACCOUNTANT,62809577.pdf
ACCOUNTANT,63137898.pdf
ACCOUNTANT,75286906.pdf
ACCOUNTANT,78257294.pdf
ACCOUNTANT,78403342.pdf
ACCOUNTANT,80053367.pdf
ACCOUNTANT,82649935.pdf
ACCOUNTANT,87635012.pdf
ACCOUNTANT,98559931.pdf
ADVOCATE,10186968.pdf
ADVOCATE,10344379.pdf
ADVOCATE,10659182.pdf
ADVOCATE,10818478.pdf
ADVOCATE,11174187.pdf
ADVOCATE,11188218.pdf
ADVOCATE,11773767.pdf
ADVOCATE,11963737.pdf
ADVOCATE,12171093.pdf
ADVOCATE,12544735.pdf
ADVOCATE,13072354.pdf
ADVOCATE,13115648.pdf
ADVOCATE,13342150.pdf
ADVOCATE,13593241.pdf
ADVOCATE,13809698.pdf
ADVOCATE,13909762.pdf
ADVOCATE,13967854.pdf
ADVOCATE,14064815.pdf
ADVOCATE,14146106.pdf
ADVOCATE,14176254.pdf
ADVOCATE,14445309.pdf
ADVOCATE,14708590.pdf
ADVOCATE,15313140.pdf
ADVOCATE,15337481.pdf
ADVOCATE,15727656.pdf
ADVOCATE,15958967.pdf
ADVOCATE,16332348.pdf
ADVOCATE,17021141.pdf
ADVOCATE,17165107.pdf
ADVOCATE,17254634.pdf
ADVOCATE,17847636.pdf
ADVOCATE,17911230.pdf
ADVOCATE,18090899.pdf
ADVOCATE,18725071.pdf
ADVOCATE,18997135.pdf
ADVOCATE,19063156.pdf
ADVOCATE,19108760.pdf
ADVOCATE,19234823.pdf
ADVOCATE,19518606.pdf
ADVOCATE,19926135.pdf
ADVOCATE,20138606.pdf
ADVOCATE,20272792.pdf
ADVOCATE,20324037.pdf
ADVOCATE,20400279.pdf
ADVOCATE,20544228.pdf
ADVOCATE,20604208.pdf
ADVOCATE,20765795.pdf
ADVOCATE,21614256.pdf
ADVOCATE,22042181.pdf
ADVOCATE,22259475.pdf
ADVOCATE,22391901.pdf
ADVOCATE,23427369.pdf
ADVOCATE,23577836.pdf
ADVOCATE,23804341.pdf
ADVOCATE,24124250.pdf
ADVOCATE,24410405.pdf
ADVOCATE,24588864.pdf
ADVOCATE,24695561.pdf
ADVOCATE,24754689.pdf
ADVOCATE,24763208.pdf
ADVOCATE,24946537.pdf
ADVOCATE,25873425.pdf
ADVOCATE,26071861.pdf
ADVOCATE,26456474.pdf
ADVOCATE,27182111.pdf
ADVOCATE,28111403.pdf
ADVOCATE,28206098.pdf
ADVOCATE,28635795.pdf
ADVOCATE,28871170.pdf
ADVOCATE,28974459.pdf
ADVOCATE,29173771.pdf
ADVOCATE,29177904.pdf
ADVOCATE,29415426.pdf
ADVOCATE,29926588.pdf
ADVOCATE,30741799.pdf
ADVOCATE,31040875.pdf
ADVOCATE,31242382.pdf
ADVOCATE,32965335.pdf
ADVOCATE,34327438.pdf
ADVOCATE,34970271.pdf
ADVOCATE,35344611.pdf
ADVOCATE,35474904.pdf
ADVOCATE,36392131.pdf
ADVOCATE,36694627.pdf
ADVOCATE,37333719.pdf
ADVOCATE,37348041.pdf
ADVOCATE,37560528.pdf
ADVOCATE,37640804.pdf
ADVOCATE,38059130.pdf
ADVOCATE,38291889.pdf
ADVOCATE,38698573.pdf
ADVOCATE,38860712.pdf
ADVOCATE,40088790.pdf
ADVOCATE,42164460.pdf
ADVOCATE,44115326.pdf
ADVOCATE,46772262.pdf
ADVOCATE,47133747.pdf
ADVOCATE,49475708.pdf
ADVOCATE,49486820.pdf
ADVOCATE,53169257.pdf
ADVOCATE,54067174.pdf
ADVOCATE,72652441.pdf
ADVOCATE,73448369.pdf
ADVOCATE,74126637.pdf
ADVOCATE,74191424.pdf
ADVOCATE,75057933.pdf
ADVOCATE,75435017.pdf
ADVOCATE,75950464.pdf
ADVOCATE,77439230.pdf
ADVOCATE,78538268.pdf
ADVOCATE,80503242.pdf
ADVOCATE,89508407.pdf
ADVOCATE,90468982.pdf
ADVOCATE,91051945.pdf
ADVOCATE,93512385.pdf
ADVOCATE,95714702.pdf
ADVOCATE,95970987.pdf
ADVOCATE,97405769.pdf
AGRICULTURE,10953078.pdf
AGRICULTURE,11197262.pdf
AGRICULTURE,11676151.pdf
AGRICULTURE,11813872.pdf
AGRICULTURE,12341902.pdf
AGRICULTURE,12674256.pdf
AGRICULTURE,14140903.pdf
AGRICULTURE,15053703.pdf
AGRICULTURE,15546686.pdf
AGRICULTURE,15603319.pdf
AGRICULTURE,16172429.pdf
AGRICULTURE,16507693.pdf
AGRICULTURE,16653657.pdf
AGRICULTURE,16661264.pdf
AGRICULTURE,16849128.pdf
AGRICULTURE,17312146.pdf
AGRICULTURE,17499196.pdf
AGRICULTURE,17640785.pdf
AGRICULTURE,18242317.pdf
AGRICULTURE,18264694.pdf
AGRICULTURE,19532392.pdf
AGRICULTURE,19851252.pdf
AGRICULTURE,20006992.pdf
AGRICULTURE,20969119.pdf
AGRICULTURE,21134923.pdf
AGRICULTURE,21868149.pdf
AGRICULTURE,23631188.pdf
AGRICULTURE,24001783.pdf
AGRICULTURE,24068423.pdf
AGRICULTURE,24397882.pdf
AGRICULTURE,24416961.pdf
AGRICULTURE,26070334.pdf
AGRICULTURE,26835781.pdf
AGRICULTURE,26921245.pdf
AGRICULTURE,27689009.pdf
AGRICULTURE,27888251.pdf
AGRICULTURE,28165687.pdf
AGRICULTURE,28247753.pdf
AGRICULTURE,28733974.pdf
AGRICULTURE,29142288.pdf
AGRICULTURE,29510501.pdf
AGRICULTURE,29746235.pdf
AGRICULTURE,29897742.pdf
AGRICULTURE,29968330.pdf
AGRICULTURE,30437583.pdf
AGRICULTURE,34141299.pdf
AGRICULTURE,36102323.pdf
AGRICULTURE,37201447.pdf
AGRICULTURE,37292350.pdf
AGRICULTURE,38216888.pdf
AGRICULTURE,40882926.pdf
AGRICULTURE,54246169.pdf
AGRICULTURE,55500538.pdf
AGRICULTURE,55712978.pdf
AGRICULTURE,56068028.pdf
AGRICULTURE,62994611.pdf
AGRICULTURE,69336473.pdf
AGRICULTURE,69360287.pdf
AGRICULTURE,69859102.pdf
AGRICULTURE,79536879.pdf
AGRICULTURE,81042872.pdf
AGRICULTURE,84512719.pdf
AGRICULTURE,89740812.pdf
APPAREL,10182582.pdf
APPAREL,10562768.pdf
APPAREL,10738095.pdf
APPAREL,10876132.pdf
APPAREL,11232471.pdf
APPAREL,11409460.pdf
APPAREL,11677077.pdf
APPAREL,12059610.pdf
APPAREL,12122372.pdf
APPAREL,12668625.pdf
APPAREL,12669075.pdf
APPAREL,12860543.pdf
APPAREL,13386301.pdf
APPAREL,13418452.pdf
APPAREL,13764840.pdf
APPAREL,13807808.pdf
APPAREL,13858219.pdf
APPAREL,14304010.pdf
APPAREL,14413257.pdf
APPAREL,14698557.pdf
APPAREL,14937492.pdf
APPAREL,15154822.pdf
APPAREL,15479281.pdf
APPAREL,15535408.pdf
APPAREL,15746146.pdf
APPAREL,16391949.pdf
APPAREL,16500168.pdf
APPAREL,16605640.pdf
APPAREL,16723524.pdf
APPAREL,16915389.pdf
APPAREL,16985289.pdf
APPAREL,17659053.pdf
APPAREL,17714174.pdf
APPAREL,18509268.pdf
APPAREL,19070271.pdf
APPAREL,19402977.pdf
APPAREL,19714635.pdf
APPAREL,20504094.pdf
APPAREL,20905088.pdf
APPAREL,21007083.pdf
APPAREL,21570485.pdf
APPAREL,21807211.pdf
APPAREL,22249155.pdf
APPAREL,22852364.pdf
APPAREL,23190306.pdf
APPAREL,23719943.pdf
APPAREL,24516163.pdf
APPAREL,24533931.pdf
APPAREL,24989856.pdf
APPAREL,25142074.pdf
APPAREL,25543217.pdf
APPAREL,26046878.pdf
APPAREL,26098594.pdf
APPAREL,26586477.pdf
APPAREL,26691587.pdf
APPAREL,26829561.pdf
APPAREL,27091280.pdf
APPAREL,27099856.pdf
APPAREL,27176039.pdf
APPAREL,27549075.pdf
APPAREL,27694040.pdf
APPAREL,28998957.pdf
APPAREL,29028935.pdf
APPAREL,29521434.pdf
APPAREL,29640922.pdf
APPAREL,29764492.pdf
APPAREL,30344127.pdf
APPAREL,30430249.pdf
APPAREL,31225895.pdf
APPAREL,31362807.pdf
APPAREL,31761591.pdf
APPAREL,33665485.pdf
APPAREL,35121930.pdf
APPAREL,35571205.pdf
APPAREL,35603950.pdf
APPAREL,35985133.pdf
APPAREL,36094883.pdf
APPAREL,36136569.pdf
APPAREL,37750854.pdf
APPAREL,41586420.pdf
APPAREL,43852883.pdf
APPAREL,46514339.pdf
APPAREL,50324968.pdf
APPAREL,52252936.pdf
APPAREL,54308684.pdf
APPAREL,56025640.pdf
APPAREL,56151548.pdf
APPAREL,58208591.pdf
APPAREL,70750649.pdf
APPAREL,71499299.pdf
APPAREL,71767359.pdf
APPAREL,72807293.pdf
APPAREL,78273826.pdf
APPAREL,83566455.pdf
APPAREL,91026230.pdf
APPAREL,91533580.pdf
APPAREL,99806115.pdf
ARTS,10830646.pdf
ARTS,11187796.pdf
ARTS,11360471.pdf
ARTS,11555549.pdf
ARTS,11995013.pdf
ARTS,12334650.pdf
ARTS,12386670.pdf
ARTS,12413512.pdf
ARTS,12777487.pdf
ARTS,13272204.pdf
ARTS,14150896.pdf
ARTS,14248724.pdf
ARTS,14879257.pdf
ARTS,15265464.pdf
ARTS,15306049.pdf
ARTS,16244633.pdf
ARTS,16887936.pdf
ARTS,16962067.pdf
ARTS,17033567.pdf
ARTS,17325147.pdf
ARTS,17694454.pdf
ARTS,17857644.pdf
ARTS,18029935.pdf
ARTS,18106533.pdf
ARTS,18319061.pdf
ARTS,18586076.pdf
ARTS,18885767.pdf
ARTS,19508520.pdf
ARTS,19671909.pdf
ARTS,19724031.pdf
ARTS,20148147.pdf
ARTS,20149476.pdf
ARTS,20356750.pdf
ARTS,20488267.pdf
ARTS,20698469.pdf
ARTS,21060367.pdf
ARTS,21809601.pdf
ARTS,21867728.pdf
ARTS,22182279.pdf
ARTS,22593054.pdf
ARTS,22800977.pdf
ARTS,22848179.pdf
ARTS,23139437.pdf
ARTS,23752500.pdf
ARTS,23917826.pdf
ARTS,24061629.pdf
ARTS,24349611.pdf
ARTS,24983760.pdf
ARTS,25157655.pdf
ARTS,25561640.pdf
ARTS,25923361.pdf
ARTS,25926667.pdf
ARTS,26069113.pdf
ARTS,26079779.pdf
ARTS,26410763.pdf
ARTS,27024099.pdf
ARTS,27096796.pdf
ARTS,27164756.pdf
ARTS,27715131.pdf
ARTS,27936502.pdf
ARTS,28325193.pdf
ARTS,28471099.pdf
ARTS,28629430.pdf
ARTS,28711616.pdf
ARTS,29148871.pdf
ARTS,30594821.pdf
ARTS,31114531.pdf
ARTS,31273413.pdf
ARTS,32318506.pdf
ARTS,32794700.pdf
ARTS,33344933.pdf
ARTS,34146825.pdf
ARTS,34304175.pdf
ARTS,36019469.pdf
ARTS,36379931.pdf
ARTS,36758947.pdf
ARTS,37220856.pdf
ARTS,37472265.pdf
ARTS,37751611.pdf
ARTS,38115035.pdf
ARTS,39064638.pdf
ARTS,39470264.pdf
ARTS,39608848.pdf
ARTS,41950126.pdf
ARTS,43622023.pdf
ARTS,46055835.pdf
ARTS,50432401.pdf
ARTS,53227466.pdf
ARTS,54100393.pdf
ARTS,54180474.pdf
ARTS,65325317.pdf
ARTS,65352424.pdf
ARTS,66226673.pdf
ARTS,73030450.pdf
ARTS,73497035.pdf
ARTS,78107631.pdf
ARTS,79432080.pdf
ARTS,83206166.pdf
ARTS,83338413.pdf
ARTS,93576192.pdf
ARTS,94230796.pdf
ARTS,99033098.pdf
ARTS,99561379.pdf
AUTOMOBILE,11152490.pdf
AUTOMOBILE,11257723.pdf
AUTOMOBILE,11797122.pdf
AUTOMOBILE,11887930.pdf
AUTOMOBILE,14455622.pdf
AUTOMOBILE,14508237.pdf
AUTOMOBILE,15100547.pdf
AUTOMOBILE,15210069.pdf
AUTOMOBILE,15484011.pdf
AUTOMOBILE,15790602.pdf
AUTOMOBILE,16332293.pdf
AUTOMOBILE,17510973.pdf
AUTOMOBILE,17571262.pdf
AUTOMOBILE,18448085.pdf
AUTOMOBILE,18932512.pdf
AUTOMOBILE,22452756.pdf
AUTOMOBILE,22732234.pdf
AUTOMOBILE,22946204.pdf
AUTOMOBILE,23009962.pdf
AUTOMOBILE,23522150.pdf
AUTOMOBILE,24592627.pdf
AUTOMOBILE,24703983.pdf
AUTOMOBILE,25047127.pdf
AUTOMOBILE,26341645.pdf
AUTOMOBILE,28790806.pdf
AUTOMOBILE,32069695.pdf
AUTOMOBILE,32109048.pdf
AUTOMOBILE,47487091.pdf
AUTOMOBILE,51508889.pdf
AUTOMOBILE,63989974.pdf
AUTOMOBILE,78357954.pdf
AUTOMOBILE,82140102.pdf
AUTOMOBILE,84295343.pdf
AUTOMOBILE,91515108.pdf
AUTOMOBILE,97449528.pdf
AUTOMOBILE,99680385.pdf
AVIATION,10176815.pdf
AVIATION,10189110.pdf
AVIATION,10395944.pdf
AVIATION,10567764.pdf
AVIATION,10945968.pdf
AVIATION,11137306.pdf
AVIATION,11169163.pdf
AVIATION,11333001.pdf
AVIATION,11614114.pdf
AVIATION,11752500.pdf
AVIATION,11804712.pdf
AVIATION,11959428.pdf
AVIATION,12043694.pdf
AVIATION,12144825.pdf
AVIATION,12192507.pdf
AVIATION,12239749.pdf
AVIATION,12504278.pdf
AVIATION,12904972.pdf
AVIATION,13195436.pdf
AVIATION,13234267.pdf
AVIATION,13405229.pdf
AVIATION,14589288.pdf
AVIATION,14790629.pdf
AVIATION,14874322.pdf
AVIATION,15618327.pdf
AVIATION,15684810.pdf
AVIATION,15823995.pdf
AVIATION,16279537.pdf
AVIATION,16449694.pdf
AVIATION,16833515.pdf
AVIATION,16850314.pdf
AVIATION,17008356.pdf
AVIATION,17152392.pdf
AVIATION,17274759.pdf
AVIATION,17483843.pdf
AVIATION,17655479.pdf
AVIATION,17686472.pdf
AVIATION,17694572.pdf
AVIATION,17876954.pdf
AVIATION,17983430.pdf
AVIATION,18268860.pdf
AVIATION,19284293.pdf
AVIATION,19506295.pdf
AVIATION,19818707.pdf
AVIATION,20026169.pdf
AVIATION,21190805.pdf
AVIATION,21287405.pdf
AVIATION,22168194.pdf
AVIATION,22232367.pdf
AVIATION,22442947.pdf
AVIATION,22650051.pdf
AVIATION,22990761.pdf
AVIATION,23464505.pdf
AVIATION,23761385.pdf
AVIATION,23985183.pdf
AVIATION,24154692.pdf
AVIATION,24544244.pdf
AVIATION,24589765.pdf
AVIATION,24668861.pdf
AVIATION,24773845.pdf
AVIATION,25625173.pdf
AVIATION,25718772.pdf
AVIATION,25719936.pdf
AVIATION,26279402.pdf
AVIATION,26819872.pdf
AVIATION,26888302.pdf
AVIATION,27502951.pdf
AVIATION,27512470.pdf
AVIATION,27902692.pdf
AVIATION,28020046.pdf
AVIATION,28186635.pdf
AVIATION,28383893.pdf
AVIATION,29161565.pdf
AVIATION,29167286.pdf
AVIATION,29221006.pdf
AVIATION,29534737.pdf
AVIATION,29595906.pdf
AVIATION,30148777.pdf
AVIATION,31536294.pdf
AVIATION,31605080.pdf
AVIATION,32720816.pdf
AVIATION,33627938.pdf
AVIATION,34419403.pdf
AVIATION,36252245.pdf
AVIATION,36727173.pdf
AVIATION,37473139.pdf
AVIATION,38047274.pdf
AVIATION,38154903.pdf
AVIATION,38355831.pdf
AVIATION,38663892.pdf
AVIATION,38989376.pdf
AVIATION,42427521.pdf
AVIATION,42546558.pdf
AVIATION,42641525.pdf
AVIATION,43408471.pdf
AVIATION,43720116.pdf
AVIATION,49646155.pdf
AVIATION,50775901.pdf
AVIATION,54232810.pdf
AVIATION,58048626.pdf
AVIATION,61315605.pdf
AVIATION,65219288.pdf
AVIATION,67631413.pdf
AVIATION,68216398.pdf
AVIATION,69458502.pdf
AVIATION,70198580.pdf
AVIATION,77626587.pdf
AVIATION,81588968.pdf
AVIATION,82738323.pdf
AVIATION,87826037.pdf
AVIATION,90318913.pdf
AVIATION,91431878.pdf
AVIATION,92283635.pdf
AVIATION,94137171.pdf
AVIATION,96457008.pdf
AVIATION,98389424.pdf
AVIATION,99416532.pdf
BANKING,10329506.pdf
BANKING,10909673.pdf
BANKING,11065180.pdf
BANKING,11262933.pdf
BANKING,11266906.pdf
BANKING,11637468.pdf
BANKING,11672279.pdf
BANKING,11773925.pdf
BANKING,11842348.pdf
BANKING,12021752.pdf
BANKING,13173522.pdf
BANKING,13393401.pdf
BANKING,13982572.pdf
BANKING,14391434.pdf
BANKING,14626780.pdf
BANKING,15553584.pdf
BANKING,15856762.pdf
BANKING,16300459.pdf
BANKING,16407619.pdf
BANKING,17131084.pdf
BANKING,17189156.pdf
BANKING,17213671.pdf
BANKING,17276884.pdf
BANKING,17396388.pdf
BANKING,17818707.pdf
BANKING,17823436.pdf
BANKING,18172739.pdf
BANKING,18208580.pdf
BANKING,18278509.pdf
BANKING,18369400.pdf
BANKING,18457785.pdf
BANKING,18645964.pdf
BANKING,18805506.pdf
BANKING,18824120.pdf
BANKING,19149865.pdf
BANKING,19176318.pdf
BANKING,19374660.pdf
BANKING,19437318.pdf
BANKING,19911786.pdf
BANKING,19920687.pdf
BANKING,20850529.pdf
BANKING,20992320.pdf
BANKING,21297521.pdf
BANKING,21645690.pdf
BANKING,21756639.pdf
BANKING,21796843.pdf
BANKING,21856577.pdf
BANKING,22615491.pdf
BANKING,23323001.pdf
BANKING,24580361.pdf
BANKING,25080805.pdf
BANKING,25162378.pdf
BANKING,25200253.pdf
BANKING,25624652.pdf
BANKING,25780596.pdf
BANKING,26579709.pdf
BANKING,26673507.pdf
BANKING,26987539.pdf
BANKING,27120528.pdf
BANKING,27606527.pdf
BANKING,27884470.pdf
BANKING,28051330.pdf
BANKING,28419927.pdf
BANKING,28895997.pdf
BANKING,28989677.pdf
BANKING,29093426.pdf
BANKING,29406313.pdf
BANKING,29552167.pdf
BANKING,29839396.pdf
BANKING,30127072.pdf
BANKING,30713796.pdf
BANKING,31025785.pdf
BANKING,31710562.pdf
BANKING,32980197.pdf
BANKING,33135102.pdf
BANKING,33286293.pdf
BANKING,33370664.pdf
BANKING,33872500.pdf
BANKING,34185495.pdf
BANKING,34758680.pdf
BANKING,34783330.pdf
BANKING,34953092.pdf
BANKING,3547447.pdf
BANKING,35483925.pdf
BANKING,35492909.pdf
BANKING,35564026.pdf
BANKING,36302399.pdf
BANKING,36905896.pdf
BANKING,38897568.pdf
BANKING,39142536.pdf
BANKING,39247950.pdf
BANKING,39569771.pdf
BANKING,41651672.pdf
BANKING,43375498.pdf
BANKING,45167858.pdf
BANKING,54421668.pdf
BANKING,60182829.pdf
BANKING,60489316.pdf
BANKING,64589506.pdf
BANKING,65864767.pdf
BANKING,68781345.pdf
BANKING,69243180.pdf
BANKING,70667011.pdf
BANKING,71422121.pdf
BANKING,72876163.pdf
BANKING,73157997.pdf
BANKING,74552449.pdf
BANKING,77156708.pdf
BANKING,79041971.pdf
BANKING,87867370.pdf
BANKING,89049979.pdf
BANKING,96493528.pdf
BANKING,98348532.pdf
BANKING,98965485.pdf
BANKING,99124477.pdf
BPO,11183737.pdf
BPO,13964744.pdf
BPO,15145575.pdf
BPO,15573418.pdf
BPO,16492045.pdf
BPO,18589927.pdf
BPO,19362586.pdf
BPO,23933031.pdf
BPO,24727739.pdf
BPO,26829350.pdf
BPO,27710853.pdf
BPO,30709029.pdf
BPO,31064969.pdf
BPO,38707449.pdf
BPO,41152404.pdf
BPO,45077654.pdf
BPO,57706851.pdf
BPO,63158213.pdf
BPO,69097572.pdf
BPO,79261033.pdf
BPO,89512321.pdf
BPO,95625660.pdf
BUSINESS-DEVELOPMENT,10228751.pdf
BUSINESS-DEVELOPMENT,10235211.pdf
BUSINESS-DEVELOPMENT,10289113.pdf
BUSINESS-DEVELOPMENT,10501991.pdf
BUSINESS-DEVELOPMENT,10541358.pdf
BUSINESS-DEVELOPMENT,10704573.pdf
BUSINESS-DEVELOPMENT,11088337.pdf
BUSINESS-DEVELOPMENT,11289482.pdf
BUSINESS-DEVELOPMENT,11551946.pdf
BUSINESS-DEVELOPMENT,12059198.pdf
BUSINESS-DEVELOPMENT,12230301.pdf
BUSINESS-DEVELOPMENT,12377803.pdf
BUSINESS-DEVELOPMENT,12546838.pdf
BUSINESS-DEVELOPMENT,12632728.pdf
BUSINESS-DEVELOPMENT,12814706.pdf
BUSINESS-DEVELOPMENT,13080868.pdf
BUSINESS-DEVELOPMENT,13199813.pdf
BUSINESS-DEVELOPMENT,13574264.pdf
BUSINESS-DEVELOPMENT,13888506.pdf
BUSINESS-DEVELOPMENT,14055971.pdf
BUSINESS-DEVELOPMENT,14070138.pdf
BUSINESS-DEVELOPMENT,14241621.pdf
BUSINESS-DEVELOPMENT,14287992.pdf
BUSINESS-DEVELOPMENT,14726000.pdf
BUSINESS-DEVELOPMENT,14752209.pdf
BUSINESS-DEVELOPMENT,14825300.pdf
BUSINESS-DEVELOPMENT,14861855.pdf
BUSINESS-DEVELOPMENT,14871762.pdf
BUSINESS-DEVELOPMENT,14990354.pdf
BUSINESS-DEVELOPMENT,15233524.pdf
BUSINESS-DEVELOPMENT,15423153.pdf
BUSINESS-DEVELOPMENT,15811992.pdf
BUSINESS-DEVELOPMENT,16091352.pdf
BUSINESS-DEVELOPMENT,16519708.pdf
BUSINESS-DEVELOPMENT,16694152.pdf
BUSINESS-DEVELOPMENT,16846478.pdf
BUSINESS-DEVELOPMENT,17095812.pdf
BUSINESS-DEVELOPMENT,17115815.pdf
BUSINESS-DEVELOPMENT,17421910.pdf
BUSINESS-DEVELOPMENT,17597372.pdf
BUSINESS-DEVELOPMENT,17602815.pdf
BUSINESS-DEVELOPMENT,17730889.pdf
BUSINESS-DEVELOPMENT,18236085.pdf
BUSINESS-DEVELOPMENT,18293620.pdf
BUSINESS-DEVELOPMENT,18311419.pdf
BUSINESS-DEVELOPMENT,18757174.pdf
BUSINESS-DEVELOPMENT,18937778.pdf
BUSINESS-DEVELOPMENT,19557384.pdf
BUSINESS-DEVELOPMENT,19738730.pdf
BUSINESS-DEVELOPMENT,20317319.pdf
BUSINESS-DEVELOPMENT,20357858.pdf
BUSINESS-DEVELOPMENT,20427934.pdf
BUSINESS-DEVELOPMENT,20553895.pdf
BUSINESS-DEVELOPMENT,20633855.pdf
BUSINESS-DEVELOPMENT,20748929.pdf
BUSINESS-DEVELOPMENT,22025574.pdf
BUSINESS-DEVELOPMENT,22423839.pdf
BUSINESS-DEVELOPMENT,22765255.pdf
BUSINESS-DEVELOPMENT,23396633.pdf
BUSINESS-DEVELOPMENT,23568641.pdf
BUSINESS-DEVELOPMENT,24412546.pdf
BUSINESS-DEVELOPMENT,24647386.pdf
BUSINESS-DEVELOPMENT,24964303.pdf
BUSINESS-DEVELOPMENT,25370801.pdf
BUSINESS-DEVELOPMENT,25397102.pdf
BUSINESS-DEVELOPMENT,25813953.pdf
BUSINESS-DEVELOPMENT,26278597.pdf
BUSINESS-DEVELOPMENT,26581830.pdf
BUSINESS-DEVELOPMENT,26896699.pdf
BUSINESS-DEVELOPMENT,27004930.pdf
BUSINESS-DEVELOPMENT,27139412.pdf
BUSINESS-DEVELOPMENT,27213082.pdf
BUSINESS-DEVELOPMENT,27219200.pdf
BUSINESS-DEVELOPMENT,27375577.pdf
BUSINESS-DEVELOPMENT,27796199.pdf
BUSINESS-DEVELOPMENT,27850777.pdf
BUSINESS-DEVELOPMENT,27937592.pdf
BUSINESS-DEVELOPMENT,28337049.pdf
BUSINESS-DEVELOPMENT,28916894.pdf
BUSINESS-DEVELOPMENT,29014805.pdf
BUSINESS-DEVELOPMENT,29208172.pdf
BUSINESS-DEVELOPMENT,29825044.pdf
BUSINESS-DEVELOPMENT,29908929.pdf
BUSINESS-DEVELOPMENT,30938994.pdf
BUSINESS-DEVELOPMENT,31273310.pdf
BUSINESS-DEVELOPMENT,31638814.pdf
BUSINESS-DEVELOPMENT,31813535.pdf
BUSINESS-DEVELOPMENT,32042584.pdf
BUSINESS-DEVELOPMENT,32385553.pdf
BUSINESS-DEVELOPMENT,32531824.pdf
BUSINESS-DEVELOPMENT,33424600.pdf
BUSINESS-DEVELOPMENT,34046031.pdf
BUSINESS-DEVELOPMENT,34797369.pdf
BUSINESS-DEVELOPMENT,35673335.pdf
BUSINESS-DEVELOPMENT,36170003.pdf
BUSINESS-DEVELOPMENT,36574147.pdf
BUSINESS-DEVELOPMENT,36805025.pdf
BUSINESS-DEVELOPMENT,37391947.pdf
BUSINESS-DEVELOPMENT,37521676.pdf
BUSINESS-DEVELOPMENT,38007664.pdf
BUSINESS-DEVELOPMENT,38688388.pdf
BUSINESS-DEVELOPMENT,39237915.pdf
BUSINESS-DEVELOPMENT,39875803.pdf
BUSINESS-DEVELOPMENT,40792022.pdf
BUSINESS-DEVELOPMENT,47067533.pdf
BUSINESS-DEVELOPMENT,59696315.pdf
BUSINESS-DEVELOPMENT,61677751.pdf
BUSINESS-DEVELOPMENT,65708020.pdf
BUSINESS-DEVELOPMENT,67501448.pdf
BUSINESS-DEVELOPMENT,76916835.pdf
BUSINESS-DEVELOPMENT,77576845.pdf
BUSINESS-DEVELOPMENT,79759716.pdf
BUSINESS-DEVELOPMENT,80275976.pdf
BUSINESS-DEVELOPMENT,81310245.pdf
BUSINESS-DEVELOPMENT,82118447.pdf
BUSINESS-DEVELOPMENT,89197180.pdf
BUSINESS-DEVELOPMENT,90629382.pdf
BUSINESS-DEVELOPMENT,91467795.pdf
BUSINESS-DEVELOPMENT,95382114.pdf
BUSINESS-DEVELOPMENT,98379112.pdf
CHEF,10001727.pdf
CHEF,10276858.pdf
CHEF,10333299.pdf
CHEF,10588874.pdf
CHEF,10653119.pdf
CHEF,10889157.pdf
CHEF,11121498.pdf
CHEF,11209758.pdf
CHEF,11432686.pdf
CHEF,11444536.pdf
CHEF,12155206.pdf
CHEF,12254068.pdf
CHEF,12420359.pdf
CHEF,12717345.pdf
CHEF,13095891.pdf
CHEF,13212436.pdf
CHEF,13264154.pdf
CHEF,13411858.pdf
CHEF,14569498.pdf
CHEF,14663897.pdf
CHEF,15180322.pdf
CHEF,15261348.pdf
CHEF,15354126.pdf
CHEF,16066857.pdf
CHEF,16248476.pdf
CHEF,16594812.pdf
CHEF,16804396.pdf
CHEF,16855929.pdf
CHEF,16924102.pdf
CHEF,18036030.pdf
CHEF,18480859.pdf
CHEF,18825446.pdf
CHEF,19007667.pdf
CHEF,19268120.pdf
CHEF,19285236.pdf
CHEF,19831366.pdf
CHEF,19951766.pdf
CHEF,20033302.pdf
CHEF,20321582.pdf
CHEF,20691949.pdf
CHEF,20817322.pdf
CHEF,21101152.pdf
CHEF,21334981.pdf
CHEF,21511817.pdf
CHEF,21611637.pdf
CHEF,21622444.pdf
CHEF,21869994.pdf
CHEF,21904897.pdf
CHEF,22349169.pdf
CHEF,22561438.pdf
CHEF,23032276.pdf
CHEF,23185829.pdf
CHEF,23398733.pdf
CHEF,23568731.pdf
CHEF,23591247.pdf
CHEF,23807940.pdf
CHEF,23841877.pdf
CHEF,24221960.pdf
CHEF,24673903.pdf
CHEF,24709432.pdf
CHEF,25128608.pdf
CHEF,25452321.pdf
CHEF,25924968.pdf
CHEF,25953797.pdf
CHEF,26189601.pdf
CHEF,26718039.pdf
CHEF,27298953.pdf
CHEF,27662298.pdf
CHEF,27820360.pdf
CHEF,27831220.pdf
CHEF,27909372.pdf
CHEF,28092317.pdf
CHEF,28176889.pdf
CHEF,28230807.pdf
CHEF,28396528.pdf
CHEF,28424982.pdf
CHEF,29072179.pdf
CHEF,29211359.pdf
CHEF,29449419.pdf
CHEF,29772450.pdf
CHEF,29775391.pdf
CHEF,29784524.pdf
CHEF,29990140.pdf
CHEF,30128072.pdf
CHEF,30311202.pdf
CHEF,30337969.pdf
CHEF,30826569.pdf
CHEF,31547476.pdf
CHEF,32518109.pdf
CHEF,32605413.pdf
CHEF,33964275.pdf
CHEF,34252537.pdf
CHEF,34452806.pdf
CHEF,35157762.pdf
CHEF,35468363.pdf
CHEF,36366044.pdf
CHEF,37231163.pdf
CHEF,38309905.pdf
CHEF,47317494.pdf
CHEF,47603843.pdf
CHEF,47729453.pdf
CHEF,48580330.pdf
CHEF,51554903.pdf
CHEF,53265899.pdf
CHEF,57262959.pdf
CHEF,61322296.pdf
CHEF,62555739.pdf
CHEF,65373280.pdf
CHEF,68338341.pdf
CHEF,74522938.pdf
CHEF,81373857.pdf
CHEF,86551046.pdf
CHEF,91072502.pdf
CHEF,91268638.pdf
CHEF,91591026.pdf
CHEF,92122785.pdf
CHEF,92985983.pdf
CHEF,94047639.pdf
CONSTRUCTION,10041713.pdf
CONSTRUCTION,10100240.pdf
CONSTRUCTION,10149490.pdf
CONSTRUCTION,10176013.pdf
CONSTRUCTION,10281555.pdf
CONSTRUCTION,10734870.pdf
CONSTRUCTION,10820510.pdf
CONSTRUCTION,11393213.pdf
CONSTRUCTION,11650031.pdf
CONSTRUCTION,12212468.pdf
CONSTRUCTION,12491898.pdf
CONSTRUCTION,12654876.pdf
CONSTRUCTION,12666174.pdf
CONSTRUCTION,12693146.pdf
CONSTRUCTION,12695537.pdf
CONSTRUCTION,12826414.pdf
CONSTRUCTION,12839152.pdf
CONSTRUCTION,12890045.pdf
CONSTRUCTION,13907230.pdf
CONSTRUCTION,14585273.pdf
CONSTRUCTION,14849103.pdf
CONSTRUCTION,14900898.pdf
CONSTRUCTION,15564893.pdf
CONSTRUCTION,15721849.pdf
CONSTRUCTION,16203589.pdf
CONSTRUCTION,16353584.pdf
CONSTRUCTION,16378091.pdf
CONSTRUCTION,16626724.pdf
CONSTRUCTION,16924279.pdf
CONSTRUCTION,17252448.pdf
CONSTRUCTION,17342969.pdf
CONSTRUCTION,17570634.pdf
CONSTRUCTION,18472240.pdf
CONSTRUCTION,18882984.pdf
CONSTRUCTION,19364677.pdf
CONSTRUCTION,19471144.pdf
CONSTRUCTION,19928941.pdf
CONSTRUCTION,20565849.pdf
CONSTRUCTION,20681037.pdf
CONSTRUCTION,21363048.pdf
CONSTRUCTION,21567392.pdf
CONSTRUCTION,21586858.pdf
CONSTRUCTION,21782152.pdf
CONSTRUCTION,22019500.pdf
CONSTRUCTION,22546476.pdf
CONSTRUCTION,22718826.pdf
CONSTRUCTION,22894544.pdf
CONSTRUCTION,22965804.pdf
CONSTRUCTION,22983516.pdf
CONSTRUCTION,23818675.pdf
CONSTRUCTION,24361598.pdf
CONSTRUCTION,24740005.pdf
CONSTRUCTION,24770846.pdf
CONSTRUCTION,24953126.pdf
CONSTRUCTION,25098739.pdf
CONSTRUCTION,25187733.pdf
CONSTRUCTION,25224998.pdf
CONSTRUCTION,25656981.pdf
CONSTRUCTION,26091595.pdf
CONSTRUCTION,26509539.pdf
CONSTRUCTION,27066370.pdf
CONSTRUCTION,27187994.pdf
CONSTRUCTION,27243670.pdf
CONSTRUCTION,27246366.pdf
CONSTRUCTION,27835351.pdf
CONSTRUCTION,28756444.pdf
CONSTRUCTION,28803888.pdf
CONSTRUCTION,28815362.pdf
CONSTRUCTION,28942221.pdf
CONSTRUCTION,28949406.pdf
CONSTRUCTION,29061628.pdf
CONSTRUCTION,29087505.pdf
CONSTRUCTION,29193505.pdf
CONSTRUCTION,29483501.pdf
CONSTRUCTION,29574501.pdf
CONSTRUCTION,29878348.pdf
CONSTRUCTION,29894080.pdf
CONSTRUCTION,30311725.pdf
CONSTRUCTION,30397268.pdf
CONSTRUCTION,31850269.pdf
CONSTRUCTION,32025286.pdf
CONSTRUCTION,32265203.pdf
CONSTRUCTION,32773331.pdf
CONSTRUCTION,32799518.pdf
CONSTRUCTION,33023370.pdf
CONSTRUCTION,33141415.pdf
CONSTRUCTION,34544955.pdf
CONSTRUCTION,35971546.pdf
CONSTRUCTION,36331163.pdf
CONSTRUCTION,38946032.pdf
CONSTRUCTION,39027764.pdf
CONSTRUCTION,39566718.pdf
CONSTRUCTION,39674782.pdf
CONSTRUCTION,39908485.pdf
CONSTRUCTION,44147689.pdf
CONSTRUCTION,45475027.pdf
CONSTRUCTION,48549972.pdf
CONSTRUCTION,49685006.pdf
CONSTRUCTION,51638201.pdf
CONSTRUCTION,56525735.pdf
CONSTRUCTION,61065616.pdf
CONSTRUCTION,63083944.pdf
CONSTRUCTION,63145386.pdf
CONSTRUCTION,69764348.pdf
CONSTRUCTION,71576860.pdf
CONSTRUCTION,78114950.pdf
CONSTRUCTION,78298706.pdf
CONSTRUCTION,88859947.pdf
CONSTRUCTION,90032884.pdf
CONSTRUCTION,93436805.pdf
CONSTRUCTION,94503308.pdf
CONSTRUCTION,99433371.pdf
CONSULTANT,10332998.pdf
CONSULTANT,10984392.pdf
CONSULTANT,11020140.pdf
CONSULTANT,11333660.pdf
CONSULTANT,11415967.pdf
CONSULTANT,11835339.pdf
CONSULTANT,12251115.pdf
CONSULTANT,12374933.pdf
CONSULTANT,12526702.pdf
CONSULTANT,12897903.pdf
CONSULTANT,12955994.pdf
CONSULTANT,13215696.pdf
CONSULTANT,13313917.pdf
CONSULTANT,13454871.pdf
CONSULTANT,13569152.pdf
CONSULTANT,13586069.pdf
CONSULTANT,14346702.pdf
CONSULTANT,14517953.pdf
CONSULTANT,14593060.pdf
CONSULTANT,15083600.pdf
CONSULTANT,15119529.pdf
CONSULTANT,15281412.pdf
CONSULTANT,15433732.pdf
CONSULTANT,15535920.pdf
CONSULTANT,15602094.pdf
CONSULTANT,15699744.pdf
CONSULTANT,16964217.pdf
CONSULTANT,17025292.pdf
CONSULTANT,17307206.pdf
CONSULTANT,17983957.pdf
CONSULTANT,18079050.pdf
CONSULTANT,18227306.pdf
CONSULTANT,18856440.pdf
CONSULTANT,19161572.pdf
CONSULTANT,19936735.pdf
CONSULTANT,20176584.pdf
CONSULTANT,20314980.pdf
CONSULTANT,20574232.pdf
CONSULTANT,21156767.pdf
CONSULTANT,21366189.pdf
CONSULTANT,21512769.pdf
CONSULTANT,21568833.pdf
CONSULTANT,22259768.pdf
CONSULTANT,22351830.pdf
CONSULTANT,22485475.pdf
CONSULTANT,22556198.pdf
CONSULTANT,22571461.pdf
CONSULTANT,23302948.pdf
CONSULTANT,24643412.pdf
CONSULTANT,24828381.pdf
CONSULTANT,25213006.pdf
CONSULTANT,25258040.pdf
CONSULTANT,25694422.pdf
CONSULTANT,26167298.pdf
CONSULTANT,26234972.pdf
CONSULTANT,26291616.pdf
CONSULTANT,26919036.pdf
CONSULTANT,27096471.pdf
CONSULTANT,27726066.pdf
CONSULTANT,27788376.pdf
CONSULTANT,28243590.pdf
CONSULTANT,28951817.pdf
CONSULTANT,29076405.pdf
CONSULTANT,29196643.pdf
CONSULTANT,29297393.pdf
CONSULTANT,29647215.pdf
CONSULTANT,29723311.pdf
CONSULTANT,29770086.pdf
CONSULTANT,30083884.pdf
CONSULTANT,30863060.pdf
CONSULTANT,31016926.pdf
CONSULTANT,31169070.pdf
CONSULTANT,31201660.pdf
CONSULTANT,31217840.pdf
CONSULTANT,31395742.pdf
CONSULTANT,32433431.pdf
CONSULTANT,32637306.pdf
CONSULTANT,33919379.pdf
CONSULTANT,34875813.pdf
CONSULTANT,37818861.pdf
CONSULTANT,38165833.pdf
CONSULTANT,38399177.pdf
CONSULTANT,38457612.pdf
CONSULTANT,38896303.pdf
CONSULTANT,39308779.pdf
CONSULTANT,39441617.pdf
CONSULTANT,43311839.pdf
CONSULTANT,43378989.pdf
CONSULTANT,48533663.pdf
CONSULTANT,49777184.pdf
CONSULTANT,51432451.pdf
CONSULTANT,51724595.pdf
CONSULTANT,56792999.pdf
CONSULTANT,57364820.pdf
CONSULTANT,57601040.pdf
CONSULTANT,63670997.pdf
CONSULTANT,65062795.pdf
CONSULTANT,67406885.pdf
CONSULTANT,69181350.pdf
CONSULTANT,71888547.pdf
CONSULTANT,73075521.pdf
CONSULTANT,78016758.pdf
CONSULTANT,79570655.pdf
CONSULTANT,80527194.pdf
CONSULTANT,88691367.pdf
CONSULTANT,88907739.pdf
CONSULTANT,91116867.pdf
CONSULTANT,91189201.pdf
CONSULTANT,92246939.pdf
CONSULTANT,93349646.pdf
CONSULTANT,93459677.pdf
CONSULTANT,95350373.pdf
CONSULTANT,95429627.pdf
CONSULTANT,95792386.pdf
CONSULTANT,99714410.pdf
DESIGNER,10466583.pdf
DESIGNER,10748989.pdf
DESIGNER,10751444.pdf
DESIGNER,11155153.pdf
DESIGNER,11722421.pdf
DESIGNER,11807040.pdf
DESIGNER,11919526.pdf
DESIGNER,11958994.pdf
DESIGNER,12415691.pdf
DESIGNER,12547982.pdf
DESIGNER,12674307.pdf
DESIGNER,13014900.pdf
DESIGNER,13518263.pdf
DESIGNER,13557622.pdf
DESIGNER,13774329.pdf
DESIGNER,13998435.pdf
DESIGNER,14014749.pdf
DESIGNER,14528265.pdf
DESIGNER,14724186.pdf
DESIGNER,14743911.pdf
DESIGNER,15425154.pdf
DESIGNER,15471999.pdf
DESIGNER,15936656.pdf
DESIGNER,16288901.pdf
DESIGNER,17199951.pdf
DESIGNER,17555081.pdf
DESIGNER,18198627.pdf
DESIGNER,18460045.pdf
DESIGNER,18795567.pdf
DESIGNER,18835363.pdf
DESIGNER,18979238.pdf
DESIGNER,19164410.pdf
DESIGNER,19195747.pdf
DESIGNER,20390397.pdf
DESIGNER,20748926.pdf
DESIGNER,20932019.pdf
DESIGNER,20986595.pdf
DESIGNER,21283733.pdf
DESIGNER,21705160.pdf
DESIGNER,21916744.pdf
DESIGNER,22496394.pdf
DESIGNER,22506245.pdf
DESIGNER,22567495.pdf
DESIGNER,22675694.pdf
DESIGNER,23951429.pdf
DESIGNER,24285142.pdf
DESIGNER,24455357.pdf
DESIGNER,24583187.pdf
DESIGNER,24655918.pdf
DESIGNER,25023614.pdf
DESIGNER,25061645.pdf
DESIGNER,25422388.pdf
DESIGNER,25949631.pdf
DESIGNER,26046064.pdf
DESIGNER,26496059.pdf
DESIGNER,26503829.pdf
DESIGNER,26622051.pdf
DESIGNER,26676567.pdf
DESIGNER,26790545.pdf
DESIGNER,26924514.pdf
DESIGNER,26942552.pdf
DESIGNER,27497542.pdf
DESIGNER,27529455.pdf
DESIGNER,28326441.pdf
DESIGNER,28663949.pdf
DESIGNER,29147100.pdf
DESIGNER,29524570.pdf
DESIGNER,29865476.pdf
DESIGNER,30965258.pdf
DESIGNER,30968749.pdf
DESIGNER,32532982.pdf
DESIGNER,32954522.pdf
DESIGNER,34051710.pdf
DESIGNER,34317538.pdf
DESIGNER,34349255.pdf
DESIGNER,34511655.pdf
DESIGNER,34657584.pdf
DESIGNER,35990852.pdf
DESIGNER,36269672.pdf
DESIGNER,37058472.pdf
DESIGNER,37263609.pdf
DESIGNER,37664296.pdf
DESIGNER,37695494.pdf
DESIGNER,38565119.pdf
DESIGNER,38744475.pdf
DESIGNER,39252859.pdf
DESIGNER,39434376.pdf
DESIGNER,39776400.pdf
DESIGNER,41506705.pdf
DESIGNER,42384185.pdf
DESIGNER,44145704.pdf
DESIGNER,44185767.pdf
DESIGNER,51018476.pdf
DESIGNER,51681660.pdf
DESIGNER,54201930.pdf
DESIGNER,62312955.pdf
DESIGNER,67582956.pdf
DESIGNER,67645662.pdf
DESIGNER,68240723.pdf
DESIGNER,76010167.pdf
DESIGNER,78149576.pdf
DESIGNER,81011612.pdf
DESIGNER,85101052.pdf
DESIGNER,90066849.pdf
DESIGNER,91153752.pdf
DESIGNER,93301686.pdf
DESIGNER,94417768.pdf
DIGITAL-MEDIA,10005171.pdf
DIGITAL-MEDIA,10515955.pdf
DIGITAL-MEDIA,11005406.pdf
DIGITAL-MEDIA,11270462.pdf
DIGITAL-MEDIA,11677012.pdf
DIGITAL-MEDIA,12085736.pdf
DIGITAL-MEDIA,13328680.pdf
DIGITAL-MEDIA,13343786.pdf
DIGITAL-MEDIA,13503650.pdf
DIGITAL-MEDIA,13837784.pdf
DIGITAL-MEDIA,14036515.pdf
DIGITAL-MEDIA,14209965.pdf
DIGITAL-MEDIA,14556869.pdf
DIGITAL-MEDIA,14761906.pdf
DIGITAL-MEDIA,14771530.pdf
DIGITAL-MEDIA,14945250.pdf
DIGITAL-MEDIA,15226699.pdf
DIGITAL-MEDIA,15353911.pdf
DIGITAL-MEDIA,15484097.pdf
DIGITAL-MEDIA,16276121.pdf
DIGITAL-MEDIA,16509761.pdf
DIGITAL-MEDIA,16536141.pdf
DIGITAL-MEDIA,16893572.pdf
DIGITAL-MEDIA,17132168.pdf
DIGITAL-MEDIA,17432318.pdf
DIGITAL-MEDIA,17562754.pdf
DIGITAL-MEDIA,17584743.pdf
DIGITAL-MEDIA,18354623.pdf
DIGITAL-MEDIA,18442517.pdf
DIGITAL-MEDIA,18488289.pdf
DIGITAL-MEDIA,18501746.pdf
DIGITAL-MEDIA,18525641.pdf
DIGITAL-MEDIA,18900722.pdf
DIGITAL-MEDIA,18905648.pdf
DIGITAL-MEDIA,18927233.pdf
DIGITAL-MEDIA,19053815.pdf
DIGITAL-MEDIA,19444529.pdf
DIGITAL-MEDIA,19861776.pdf
DIGITAL-MEDIA,20210676.pdf
DIGITAL-MEDIA,20330739.pdf
DIGITAL-MEDIA,20490741.pdf
DIGITAL-MEDIA,20628003.pdf
DIGITAL-MEDIA,21125113.pdf
DIGITAL-MEDIA,22380187.pdf
DIGITAL-MEDIA,22706174.pdf
DIGITAL-MEDIA,23085604.pdf
DIGITAL-MEDIA,23810469.pdf
DIGITAL-MEDIA,23864858.pdf
DIGITAL-MEDIA,24574164.pdf
DIGITAL-MEDIA,24658786.pdf
DIGITAL-MEDIA,24679149.pdf
DIGITAL-MEDIA,24953921.pdf
DIGITAL-MEDIA,25038571.pdf
DIGITAL-MEDIA,25525152.pdf
DIGITAL-MEDIA,25706337.pdf
DIGITAL-MEDIA,25723793.pdf
DIGITAL-MEDIA,26160200.pdf
DIGITAL-MEDIA,26341987.pdf
DIGITAL-MEDIA,27080812.pdf
DIGITAL-MEDIA,27419236.pdf
DIGITAL-MEDIA,27921561.pdf
DIGITAL-MEDIA,27981289.pdf
DIGITAL-MEDIA,28109594.pdf
DIGITAL-MEDIA,28609364.pdf
DIGITAL-MEDIA,28679359.pdf
DIGITAL-MEDIA,29002596.pdf
DIGITAL-MEDIA,29915354.pdf
DIGITAL-MEDIA,30504149.pdf
DIGITAL-MEDIA,30864828.pdf
DIGITAL-MEDIA,30999638.pdf
DIGITAL-MEDIA,31162167.pdf
DIGITAL-MEDIA,31909493.pdf
DIGITAL-MEDIA,31929166.pdf
DIGITAL-MEDIA,33542483.pdf
DIGITAL-MEDIA,33893326.pdf
DIGITAL-MEDIA,34319869.pdf
DIGITAL-MEDIA,34583750.pdf
DIGITAL-MEDIA,37739183.pdf
DIGITAL-MEDIA,39166680.pdf
DIGITAL-MEDIA,40311088.pdf
DIGITAL-MEDIA,40883703.pdf
DIGITAL-MEDIA,42156237.pdf
DIGITAL-MEDIA,50219114.pdf
DIGITAL-MEDIA,56952849.pdf
DIGITAL-MEDIA,58915642.pdf
DIGITAL-MEDIA,59011090.pdf
DIGITAL-MEDIA,62700506.pdf
DIGITAL-MEDIA,70196518.pdf
DIGITAL-MEDIA,73282756.pdf
DIGITAL-MEDIA,80679862.pdf
DIGITAL-MEDIA,81508860.pdf
DIGITAL-MEDIA,82929064.pdf
DIGITAL-MEDIA,90685127.pdf
DIGITAL-MEDIA,91318828.pdf
DIGITAL-MEDIA,91539554.pdf
DIGITAL-MEDIA,94492380.pdf
ENGINEERING,10030015.pdf
ENGINEERING,10219099.pdf
ENGINEERING,10624813.pdf
ENGINEERING,10712803.pdf
ENGINEERING,10985403.pdf
ENGINEERING,11890896.pdf
ENGINEERING,11981094.pdf
ENGINEERING,12011623.pdf
ENGINEERING,12022566.pdf
ENGINEERING,12472574.pdf
ENGINEERING,12488356.pdf
ENGINEERING,12518008.pdf
ENGINEERING,12748557.pdf
ENGINEERING,13149176.pdf
ENGINEERING,13264796.pdf
ENGINEERING,14049846.pdf
ENGINEERING,14206561.pdf
ENGINEERING,14554542.pdf
ENGINEERING,15139979.pdf
ENGINEERING,15601399.pdf
ENGINEERING,15858254.pdf
ENGINEERING,15941675.pdf
ENGINEERING,16803215.pdf
ENGINEERING,16911115.pdf
ENGINEERING,17043822.pdf
ENGINEERING,17103000.pdf
ENGINEERING,17108676.pdf
ENGINEERING,17488801.pdf
ENGINEERING,17926546.pdf
ENGINEERING,18753367.pdf
ENGINEERING,19124258.pdf
ENGINEERING,19396040.pdf
ENGINEERING,19397727.pdf
ENGINEERING,19553067.pdf
ENGINEERING,19612167.pdf
ENGINEERING,20566550.pdf
ENGINEERING,20882041.pdf
ENGINEERING,20981299.pdf
ENGINEERING,21038022.pdf
ENGINEERING,21298336.pdf
ENGINEERING,21629057.pdf
ENGINEERING,21807224.pdf
ENGINEERING,21847415.pdf
ENGINEERING,22605864.pdf
ENGINEERING,22890839.pdf
ENGINEERING,23234047.pdf
ENGINEERING,23438227.pdf
ENGINEERING,23497307.pdf
ENGINEERING,24322804.pdf
ENGINEERING,24647794.pdf
ENGINEERING,25425322.pdf
ENGINEERING,25608963.pdf
ENGINEERING,25797445.pdf
ENGINEERING,25919149.pdf
ENGINEERING,25930778.pdf
ENGINEERING,26456899.pdf
ENGINEERING,26834746.pdf
ENGINEERING,27040860.pdf
ENGINEERING,27152464.pdf
ENGINEERING,27756469.pdf
ENGINEERING,28005884.pdf
ENGINEERING,28078163.pdf
ENGINEERING,28320387.pdf
ENGINEERING,28505854.pdf
ENGINEERING,28628090.pdf
ENGINEERING,28630325.pdf
ENGINEERING,28631840.pdf
ENGINEERING,28762662.pdf
ENGINEERING,28831378.pdf
ENGINEERING,28923650.pdf
ENGINEERING,30097175.pdf
ENGINEERING,30288581.pdf
ENGINEERING,30542184.pdf
ENGINEERING,31677347.pdf
ENGINEERING,31684925.pdf
ENGINEERING,31694970.pdf
ENGINEERING,32081266.pdf
ENGINEERING,32802563.pdf
ENGINEERING,32985311.pdf
ENGINEERING,33685075.pdf
ENGINEERING,35172961.pdf
ENGINEERING,35389360.pdf
ENGINEERING,35651876.pdf
ENGINEERING,35737840.pdf
ENGINEERING,36149549.pdf
ENGINEERING,36517781.pdf
ENGINEERING,37335325.pdf
ENGINEERING,38220146.pdf
ENGINEERING,38314236.pdf
ENGINEERING,38535335.pdf
ENGINEERING,39835894.pdf
ENGINEERING,39855211.pdf
ENGINEERING,43752620.pdf
ENGINEERING,44624796.pdf
ENGINEERING,47276718.pdf
ENGINEERING,47549345.pdf
ENGINEERING,47919212.pdf
ENGINEERING,49127329.pdf
ENGINEERING,50328713.pdf
ENGINEERING,51588273.pdf
ENGINEERING,54227873.pdf
ENGINEERING,55595908.pdf
ENGINEERING,55953734.pdf
ENGINEERING,56691064.pdf
ENGINEERING,60004873.pdf
ENGINEERING,61579998.pdf
ENGINEERING,62071407.pdf
ENGINEERING,64468610.pdf
ENGINEERING,64755882.pdf
ENGINEERING,74236636.pdf
ENGINEERING,77828437.pdf
ENGINEERING,81125166.pdf
ENGINEERING,82125182.pdf
ENGINEERING,82246962.pdf
ENGINEERING,86209934.pdf
ENGINEERING,86828820.pdf
ENGINEERING,90280583.pdf
ENGINEERING,96029688.pdf
FINANCE,10549585.pdf
FINANCE,11441764.pdf
FINANCE,11490673.pdf
FINANCE,11877150.pdf
FINANCE,12071138.pdf
FINANCE,12858898.pdf
FINANCE,14106638.pdf
FINANCE,14181049.pdf
FINANCE,14408510.pdf
FINANCE,14413148.pdf
FINANCE,14722634.pdf
FINANCE,15011085.pdf
FINANCE,15224503.pdf
FINANCE,15717923.pdf
FINANCE,15792052.pdf
FINANCE,15891494.pdf
FINANCE,16426777.pdf
FINANCE,16449850.pdf
FINANCE,17392859.pdf
FINANCE,17775916.pdf
FINANCE,17880988.pdf
FINANCE,18024825.pdf
FINANCE,18072085.pdf
FINANCE,18636651.pdf
FINANCE,18640927.pdf
FINANCE,18975686.pdf
FINANCE,19147603.pdf
FINANCE,19243556.pdf
FINANCE,19405513.pdf
FINANCE,19540089.pdf
FINANCE,20275356.pdf
FINANCE,20705888.pdf
FINANCE,20836112.pdf
FINANCE,20880935.pdf
FINANCE,20918464.pdf
FINANCE,20969845.pdf
FINANCE,20977412.pdf
FINANCE,21912637.pdf
FINANCE,22492537.pdf
FINANCE,22622351.pdf
FINANCE,22720697.pdf
FINANCE,23354541.pdf
FINANCE,23573064.pdf
FINANCE,23955183.pdf
FINANCE,24411323.pdf
FINANCE,24530382.pdf
FINANCE,24553863.pdf
FINANCE,24611721.pdf
FINANCE,24670867.pdf
FINANCE,24833063.pdf
FINANCE,24854026.pdf
FINANCE,24967652.pdf
FINANCE,25101183.pdf
FINANCE,25330083.pdf
FINANCE,25497147.pdf
FINANCE,25678238.pdf
FINANCE,26013403.pdf
FINANCE,26231609.pdf
FINANCE,26530575.pdf
FINANCE,26750846.pdf
FINANCE,26767199.pdf
FINANCE,26961846.pdf
FINANCE,27018361.pdf
FINANCE,27330027.pdf
FINANCE,27409087.pdf
FINANCE,27789372.pdf
FINANCE,27914096.pdf
FINANCE,28396458.pdf
FINANCE,28398216.pdf
FINANCE,28522529.pdf
FINANCE,28623782.pdf
FINANCE,28724469.pdf
FINANCE,28758002.pdf
FINANCE,28973180.pdf
FINANCE,29494962.pdf
FINANCE,29612672.pdf
FINANCE,29648950.pdf
FINANCE,29998869.pdf
FINANCE,31948488.pdf
FINANCE,33685988.pdf
FINANCE,34250007.pdf
FINANCE,37931076.pdf
FINANCE,38225199.pdf
FINANCE,38441665.pdf
FINANCE,38907798.pdf
FINANCE,39295103.pdf
FINANCE,39675895.pdf
FINANCE,47410104.pdf
FINANCE,48285304.pdf
FINANCE,57088974.pdf
FINANCE,58165257.pdf
FINANCE,59450123.pdf
FINANCE,59777056.pdf
FINANCE,59818742.pdf
FINANCE,59938965.pdf
FINANCE,61634281.pdf
FINANCE,62850928.pdf
FINANCE,66741193.pdf
FINANCE,69487178.pdf
FINANCE,70541112.pdf
FINANCE,72136463.pdf
FINANCE,74512244.pdf
FINANCE,74849878.pdf
FINANCE,76454959.pdf
FINANCE,77638654.pdf
FINANCE,78229715.pdf
FINANCE,81217013.pdf
FINANCE,81677620.pdf
FINANCE,84356308.pdf
FINANCE,84373843.pdf
FINANCE,86549455.pdf
FINANCE,86595128.pdf
FINANCE,88038965.pdf
FINANCE,91564103.pdf
FINANCE,92524964.pdf
FINANCE,93653247.pdf
FINANCE,95519832.pdf
FINANCE,98513424.pdf
FITNESS,10235429.pdf
FITNESS,10268614.pdf
FITNESS,10333051.pdf
FITNESS,10428916.pdf
FITNESS,10568350.pdf
FITNESS,10816645.pdf
FITNESS,10969918.pdf
FITNESS,11130200.pdf
FITNESS,11332602.pdf
FITNESS,11522068.pdf
FITNESS,12019284.pdf
FITNESS,12092347.pdf
FITNESS,12695799.pdf
FITNESS,12791244.pdf
FITNESS,12923795.pdf
FITNESS,12938389.pdf
FITNESS,13037145.pdf
FITNESS,13367322.pdf
FITNESS,13675377.pdf
FITNESS,14107571.pdf
FITNESS,14515954.pdf
FITNESS,15293959.pdf
FITNESS,15932017.pdf
FITNESS,16038911.pdf
FITNESS,16474898.pdf
FITNESS,16605352.pdf
FITNESS,17163375.pdf
FITNESS,17166018.pdf
FITNESS,17286050.pdf
FITNESS,17431847.pdf
FITNESS,17576030.pdf
FITNESS,17658471.pdf
FITNESS,17660419.pdf
FITNESS,17915015.pdf
FITNESS,18767449.pdf
FITNESS,19037403.pdf
FITNESS,19599699.pdf
FITNESS,19774173.pdf
FITNESS,19938081.pdf
FITNESS,19975121.pdf
FITNESS,20255404.pdf
FITNESS,20279756.pdf
FITNESS,20457611.pdf
FITNESS,20565486.pdf
FITNESS,21122155.pdf
FITNESS,21178545.pdf
FITNESS,21238396.pdf
FITNESS,22093368.pdf
FITNESS,22488036.pdf
FITNESS,22855060.pdf
FITNESS,23004695.pdf
FITNESS,23011221.pdf
FITNESS,23063986.pdf
FITNESS,23477199.pdf
FITNESS,24219583.pdf
FITNESS,24251588.pdf
FITNESS,24444525.pdf
FITNESS,24708621.pdf
FITNESS,24767027.pdf
FITNESS,24905947.pdf
FITNESS,24994145.pdf
FITNESS,25482567.pdf
FITNESS,25507648.pdf
FITNESS,25838512.pdf
FITNESS,26459032.pdf
FITNESS,27084878.pdf
FITNESS,27397245.pdf
FITNESS,27903191.pdf
FITNESS,27974588.pdf
FITNESS,28172023.pdf
FITNESS,28321954.pdf
FITNESS,28669770.pdf
FITNESS,29165698.pdf
FITNESS,29306433.pdf
FITNESS,29319314.pdf
FITNESS,29425788.pdf
FITNESS,29573698.pdf
FITNESS,29792535.pdf
FITNESS,30757456.pdf
FITNESS,30990885.pdf
FITNESS,31042953.pdf
FITNESS,31556198.pdf
FITNESS,32517106.pdf
FITNESS,32636041.pdf
FITNESS,32651555.pdf
FITNESS,34151183.pdf
FITNESS,34792238.pdf
FITNESS,35164503.pdf
FITNESS,35302620.pdf
FITNESS,36139251.pdf
FITNESS,37087824.pdf
FITNESS,38108845.pdf
FITNESS,38642923.pdf
FITNESS,38650096.pdf
FITNESS,39805617.pdf
FITNESS,45656814.pdf
FITNESS,52684666.pdf
FITNESS,54259150.pdf
FITNESS,55746506.pdf
FITNESS,56286525.pdf
FITNESS,57575888.pdf
FITNESS,59487170.pdf
FITNESS,62870550.pdf
FITNESS,63282405.pdf
FITNESS,67032711.pdf
FITNESS,69666645.pdf
FITNESS,70603826.pdf
FITNESS,75156649.pdf
FITNESS,76530505.pdf
FITNESS,77266989.pdf
FITNESS,80000092.pdf
FITNESS,89858892.pdf
FITNESS,90365216.pdf
FITNESS,95085510.pdf
FITNESS,95769832.pdf
FITNESS,96761538.pdf
FITNESS,97123005.pdf
HEALTHCARE,10062724.pdf
HEALTHCARE,10076271.pdf
HEALTHCARE,10251432.pdf
HEALTHCARE,10466208.pdf
HEALTHCARE,10480456.pdf
HEALTHCARE,10568183.pdf
HEALTHCARE,11378657.pdf
HEALTHCARE,11605833.pdf
HEALTHCARE,11653906.pdf
HEALTHCARE,11704150.pdf
HEALTHCARE,12315079.pdf
HEALTHCARE,12333703.pdf
HEALTHCARE,12613221.pdf
HEALTHCARE,12938200.pdf
HEALTHCARE,13352113.pdf
HEALTHCARE,13565152.pdf
HEALTHCARE,13575312.pdf
HEALTHCARE,14062078.pdf
HEALTHCARE,14667957.pdf
HEALTHCARE,15499825.pdf
HEALTHCARE,15636923.pdf
HEALTHCARE,15680735.pdf
HEALTHCARE,16121387.pdf
HEALTHCARE,16132195.pdf
HEALTHCARE,16356151.pdf
HEALTHCARE,16702198.pdf
HEALTHCARE,17539842.pdf
HEALTHCARE,17545780.pdf
HEALTHCARE,17624934.pdf
HEALTHCARE,17864043.pdf
HEALTHCARE,17960690.pdf
HEALTHCARE,17963031.pdf
HEALTHCARE,18129173.pdf
HEALTHCARE,18365443.pdf
HEALTHCARE,18484846.pdf
HEALTHCARE,18714571.pdf
HEALTHCARE,18784594.pdf
HEALTHCARE,18949843.pdf
HEALTHCARE,19090468.pdf
HEALTHCARE,20110597.pdf
HEALTHCARE,20172393.pdf
HEALTHCARE,20211577.pdf
HEALTHCARE,20736486.pdf
HEALTHCARE,20748468.pdf
HEALTHCARE,20835760.pdf
HEALTHCARE,21866029.pdf
HEALTHCARE,22008817.pdf
HEALTHCARE,23110214.pdf
HEALTHCARE,23138078.pdf
HEALTHCARE,23617240.pdf
HEALTHCARE,23814777.pdf
HEALTHCARE,23918545.pdf
HEALTHCARE,23944036.pdf
HEALTHCARE,24025053.pdf
HEALTHCARE,24548333.pdf
HEALTHCARE,24550866.pdf
HEALTHCARE,25328428.pdf
HEALTHCARE,25451319.pdf
HEALTHCARE,25834360.pdf
HEALTHCARE,25974844.pdf
HEALTHCARE,26125407.pdf
HEALTHCARE,26585242.pdf
HEALTHCARE,26695839.pdf
HEALTHCARE,26908066.pdf
HEALTHCARE,26958533.pdf
HEALTHCARE,27030979.pdf
HEALTHCARE,27090089.pdf
HEALTHCARE,27917969.pdf
HEALTHCARE,28423028.pdf
HEALTHCARE,28670024.pdf
HEALTHCARE,28745844.pdf
HEALTHCARE,29134372.pdf
HEALTHCARE,29992154.pdf
HEALTHCARE,31395710.pdf
HEALTHCARE,31926950.pdf
HEALTHCARE,32219038.pdf
HEALTHCARE,32563518.pdf
HEALTHCARE,33750209.pdf
HEALTHCARE,33803142.pdf
HEALTHCARE,34594746.pdf
HEALTHCARE,34962725.pdf
HEALTHCARE,35422305.pdf
HEALTHCARE,35579812.pdf
HEALTHCARE,36625776.pdf
HEALTHCARE,36861863.pdf
HEALTHCARE,36868767.pdf
HEALTHCARE,37001381.pdf
HEALTHCARE,37374340.pdf
HEALTHCARE,39082090.pdf
HEALTHCARE,41910253.pdf
HEALTHCARE,43994605.pdf
HEALTHCARE,45907524.pdf
HEALTHCARE,46349752.pdf
HEALTHCARE,47996197.pdf
HEALTHCARE,49325370.pdf
HEALTHCARE,51777546.pdf
HEALTHCARE,54934269.pdf
HEALTHCARE,56520872.pdf
HEALTHCARE,58879993.pdf
HEALTHCARE,60624892.pdf
HEALTHCARE,64471954.pdf
HEALTHCARE,69199666.pdf
HEALTHCARE,75297735.pdf
HEALTHCARE,75744306.pdf
HEALTHCARE,80876647.pdf
HEALTHCARE,85417107.pdf
HEALTHCARE,85421438.pdf
HEALTHCARE,87520378.pdf
HEALTHCARE,91478356.pdf
HEALTHCARE,93988900.pdf
HEALTHCARE,95011061.pdf
HEALTHCARE,96260484.pdf
HEALTHCARE,97169343.pdf
HEALTHCARE,98300955.pdf
HEALTHCARE,98309114.pdf
HR,10399912.pdf
HR,10694288.pdf
HR,11480899.pdf
HR,11592605.pdf
HR,11698189.pdf
HR,11763983.pdf
HR,11847784.pdf
HR,12786012.pdf
HR,13376919.pdf
HR,13520837.pdf
HR,13879043.pdf
HR,14225422.pdf
HR,14256329.pdf
HR,14640322.pdf
HR,14886205.pdf
HR,15041689.pdf
HR,15375009.pdf
HR,15575117.pdf
HR,15576950.pdf
HR,16852973.pdf
HR,16861758.pdf
HR,16877897.pdf
HR,17150707.pdf
HR,17412079.pdf
HR,17422560.pdf
HR,17812897.pdf
HR,17855844.pdf
HR,18084150.pdf
HR,18155310.pdf
HR,18297650.pdf
HR,18316239.pdf
HR,18334783.pdf
HR,18422164.pdf
HR,18557164.pdf
HR,18731098.pdf
HR,18827609.pdf
HR,19179079.pdf
HR,19336728.pdf
HR,19616406.pdf
HR,19717385.pdf
HR,19867922.pdf
HR,20417897.pdf
HR,20806155.pdf
HR,20925036.pdf
HR,20993320.pdf
HR,21265194.pdf
HR,21830565.pdf
HR,22323967.pdf
HR,23155093.pdf
HR,23408537.pdf
HR,23510685.pdf
HR,23914451.pdf
HR,24184357.pdf
HR,24402267.pdf
HR,24508725.pdf
HR,25150191.pdf
HR,25676643.pdf
HR,25724495.pdf
HR,25824789.pdf
HR,26048718.pdf
HR,26202430.pdf
HR,26289308.pdf
HR,26671167.pdf
HR,26780935.pdf
HR,27018550.pdf
HR,27165830.pdf
HR,27490876.pdf
HR,27496514.pdf
HR,27523575.pdf
HR,27847081.pdf
HR,28175164.pdf
HR,28419173.pdf
HR,28640735.pdf
HR,28808263.pdf
HR,28828844.pdf
HR,29091445.pdf
HR,29149998.pdf
HR,29297973.pdf
HR,29564653.pdf
HR,30163002.pdf
HR,30563572.pdf
HR,30646367.pdf
HR,30862904.pdf
HR,32308556.pdf
HR,32896934.pdf
HR,32947778.pdf
HR,32977530.pdf
HR,33176873.pdf
HR,34554248.pdf
HR,34740556.pdf
HR,39081840.pdf
HR,39650734.pdf
HR,39970711.pdf
HR,41523474.pdf
HR,44476983.pdf
HR,46258701.pdf
HR,47470864.pdf
HR,49937469.pdf
HR,51769822.pdf
HR,52979663.pdf
HR,57667857.pdf
HR,59962788.pdf
HR,72231872.pdf
HR,73077810.pdf
HR,80162314.pdf
HR,86184722.pdf
HR,87968870.pdf
HR,91930382.pdf
HR,93002334.pdf
HR,93112113.pdf
PUBLIC-RELATIONS,10070224.pdf
PUBLIC-RELATIONS,10554045.pdf
PUBLIC-RELATIONS,10873344.pdf
PUBLIC-RELATIONS,10926726.pdf
PUBLIC-RELATIONS,11160414.pdf
PUBLIC-RELATIONS,11624880.pdf
PUBLIC-RELATIONS,11635137.pdf
PUBLIC-RELATIONS,11842274.pdf
PUBLIC-RELATIONS,11850315.pdf
PUBLIC-RELATIONS,11902276.pdf
PUBLIC-RELATIONS,12191094.pdf
PUBLIC-RELATIONS,12237267.pdf
PUBLIC-RELATIONS,12545844.pdf
PUBLIC-RELATIONS,12567516.pdf
PUBLIC-RELATIONS,12920612.pdf
PUBLIC-RELATIONS,13129275.pdf
PUBLIC-RELATIONS,13727873.pdf
PUBLIC-RELATIONS,13915715.pdf
PUBLIC-RELATIONS,14009087.pdf
PUBLIC-RELATIONS,14128006.pdf
PUBLIC-RELATIONS,14278888.pdf
PUBLIC-RELATIONS,14364597.pdf
PUBLIC-RELATIONS,14536764.pdf
PUBLIC-RELATIONS,14611516.pdf
PUBLIC-RELATIONS,14667659.pdf
PUBLIC-RELATIONS,14910300.pdf
PUBLIC-RELATIONS,14966165.pdf
PUBLIC-RELATIONS,15917885.pdf
PUBLIC-RELATIONS,16103783.pdf
PUBLIC-RELATIONS,16226743.pdf
PUBLIC-RELATIONS,16620172.pdf
PUBLIC-RELATIONS,18133495.pdf
PUBLIC-RELATIONS,18436190.pdf
PUBLIC-RELATIONS,19072267.pdf
PUBLIC-RELATIONS,19497420.pdf
PUBLIC-RELATIONS,19503224.pdf
PUBLIC-RELATIONS,19558834.pdf
PUBLIC-RELATIONS,19929506.pdf
PUBLIC-RELATIONS,20470943.pdf
PUBLIC-RELATIONS,20966771.pdf
PUBLIC-RELATIONS,21297828.pdf
PUBLIC-RELATIONS,21321598.pdf
PUBLIC-RELATIONS,21386255.pdf
PUBLIC-RELATIONS,21478007.pdf
PUBLIC-RELATIONS,21549195.pdf
PUBLIC-RELATIONS,21663616.pdf
PUBLIC-RELATIONS,21669215.pdf
PUBLIC-RELATIONS,22455205.pdf
PUBLIC-RELATIONS,22560013.pdf
PUBLIC-RELATIONS,22754014.pdf
PUBLIC-RELATIONS,22861181.pdf
PUBLIC-RELATIONS,23015611.pdf
PUBLIC-RELATIONS,23048999.pdf
PUBLIC-RELATIONS,23143731.pdf
PUBLIC-RELATIONS,23602130.pdf
PUBLIC-RELATIONS,23631724.pdf
PUBLIC-RELATIONS,23673025.pdf
PUBLIC-RELATIONS,23771896.pdf
PUBLIC-RELATIONS,24491862.pdf
PUBLIC-RELATIONS,24559558.pdf
PUBLIC-RELATIONS,24590489.pdf
PUBLIC-RELATIONS,24677466.pdf
PUBLIC-RELATIONS,24710433.pdf
PUBLIC-RELATIONS,24977396.pdf
PUBLIC-RELATIONS,25001005.pdf
PUBLIC-RELATIONS,25070914.pdf
PUBLIC-RELATIONS,25413261.pdf
PUBLIC-RELATIONS,26127853.pdf
PUBLIC-RELATIONS,26130673.pdf
PUBLIC-RELATIONS,26173524.pdf
PUBLIC-RELATIONS,26330995.pdf
PUBLIC-RELATIONS,27000192.pdf
PUBLIC-RELATIONS,27257013.pdf
PUBLIC-RELATIONS,28290448.pdf
PUBLIC-RELATIONS,28531493.pdf
PUBLIC-RELATIONS,28831442.pdf
PUBLIC-RELATIONS,28862054.pdf
PUBLIC-RELATIONS,28975482.pdf
PUBLIC-RELATIONS,29329075.pdf
PUBLIC-RELATIONS,29525715.pdf
PUBLIC-RELATIONS,30642458.pdf
PUBLIC-RELATIONS,31211074.pdf
PUBLIC-RELATIONS,31220062.pdf
PUBLIC-RELATIONS,31292364.pdf
PUBLIC-RELATIONS,31392754.pdf
PUBLIC-RELATIONS,32441790.pdf
PUBLIC-RELATIONS,33072201.pdf
PUBLIC-RELATIONS,34712719.pdf
PUBLIC-RELATIONS,36107065.pdf
PUBLIC-RELATIONS,36671891.pdf
PUBLIC-RELATIONS,37087371.pdf
PUBLIC-RELATIONS,37375999.pdf
PUBLIC-RELATIONS,37913536.pdf
PUBLIC-RELATIONS,38056161.pdf
PUBLIC-RELATIONS,41590605.pdf
PUBLIC-RELATIONS,42332765.pdf
PUBLIC-RELATIONS,45462344.pdf
PUBLIC-RELATIONS,45900271.pdf
PUBLIC-RELATIONS,49119887.pdf
PUBLIC-RELATIONS,51415089.pdf
PUBLIC-RELATIONS,53701275.pdf
PUBLIC-RELATIONS,59346975.pdf
PUBLIC-RELATIONS,61319162.pdf
PUBLIC-RELATIONS,65237556.pdf
PUBLIC-RELATIONS,75329822.pdf
PUBLIC-RELATIONS,85766635.pdf
PUBLIC-RELATIONS,85973397.pdf
PUBLIC-RELATIONS,88651471.pdf
PUBLIC-RELATIONS,91197243.pdf
PUBLIC-RELATIONS,93828034.pdf
PUBLIC-RELATIONS,98086373.pdf
SALES,10138632.pdf
SALES,10464113.pdf
SALES,10603337.pdf
SALES,10724818.pdf
SALES,10898339.pdf
SALES,12082377.pdf
SALES,12351749.pdf
SALES,12696104.pdf
SALES,12820557.pdf
SALES,13178604.pdf
SALES,13348915.pdf
SALES,13637605.pdf
SALES,13812481.pdf
SALES,14267489.pdf
SALES,14358578.pdf
SALES,14381464.pdf
SALES,15273850.pdf
SALES,15581242.pdf
SALES,15620421.pdf
SALES,15765660.pdf
SALES,15918496.pdf
SALES,15973307.pdf
SALES,16121015.pdf
SALES,16223371.pdf
SALES,16280971.pdf
SALES,16511249.pdf
SALES,17378327.pdf
SALES,17410700.pdf
SALES,17509935.pdf
SALES,17704246.pdf
SALES,17781039.pdf
SALES,18062906.pdf
SALES,18171955.pdf
SALES,18328743.pdf
SALES,18368613.pdf
SALES,18885231.pdf
SALES,19147494.pdf
SALES,19147947.pdf
SALES,19156751.pdf
SALES,19473948.pdf
SALES,19582792.pdf
SALES,20141807.pdf
SALES,20423658.pdf
SALES,20552814.pdf
SALES,20819838.pdf
SALES,21595057.pdf
SALES,22047665.pdf
SALES,22319662.pdf
SALES,23032182.pdf
SALES,23296286.pdf
SALES,23760084.pdf
SALES,23782450.pdf
SALES,23929500.pdf
SALES,24610685.pdf
SALES,25315791.pdf
SALES,25810233.pdf
SALES,25839123.pdf
SALES,26425074.pdf
SALES,26530696.pdf
SALES,26932091.pdf
SALES,26994282.pdf
SALES,27233183.pdf
SALES,27607632.pdf
SALES,27624540.pdf
SALES,28139742.pdf
SALES,28198029.pdf
SALES,28377361.pdf
SALES,28867567.pdf
SALES,29134721.pdf
SALES,29184740.pdf
SALES,29211919.pdf
SALES,29332616.pdf
SALES,29399491.pdf
SALES,29805310.pdf
SALES,29815762.pdf
SALES,29928796.pdf
SALES,30083943.pdf
SALES,30529547.pdf
SALES,30608780.pdf
SALES,31199035.pdf
SALES,31454430.pdf
SALES,32140087.pdf
SALES,33236701.pdf
SALES,33578873.pdf
SALES,34131484.pdf
SALES,34303500.pdf
SALES,36074301.pdf
SALES,36621169.pdf
SALES,36904300.pdf
SALES,36970996.pdf
SALES,37360517.pdf
SALES,37540732.pdf
SALES,37735467.pdf
SALES,37792474.pdf
SALES,38087844.pdf
SALES,39581020.pdf
SALES,40987524.pdf
SALES,42304307.pdf
SALES,51349448.pdf
SALES,54101961.pdf
SALES,55097118.pdf
SALES,55104715.pdf
SALES,55477468.pdf
SALES,58428843.pdf
SALES,59422148.pdf
SALES,65456466.pdf
SALES,69155584.pdf
SALES,70528646.pdf
SALES,71772815.pdf
SALES,79376680.pdf
SALES,85918100.pdf
SALES,87118391.pdf
SALES,90682785.pdf
SALES,92200491.pdf
SALES,98108571.pdf
SALES,98509238.pdf
SOFTWARE-ENGINEER,1. Abdur Rahman_CV.pdf
SOFTWARE-ENGINEER,10. Juthi_brainstation_bs.pdf
SOFTWARE-ENGINEER,10089434.pdf
SOFTWARE-ENGINEER,10247517.pdf
SOFTWARE-ENGINEER,10265057.pdf
SOFTWARE-ENGINEER,10553553.pdf
SOFTWARE-ENGINEER,10641230.pdf
SOFTWARE-ENGINEER,10839851.pdf
SOFTWARE-ENGINEER,10840430.pdf
SOFTWARE-ENGINEER,11. Mashrafin Insan Tahsin.pdf
SOFTWARE-ENGINEER,11580408.pdf
SOFTWARE-ENGINEER,11584809.pdf
SOFTWARE-ENGINEER,11957080.pdf
SOFTWARE-ENGINEER,12. Mayesha Binte Hossain.pdf
SOFTWARE-ENGINEER,12045067.pdf
SOFTWARE-ENGINEER,12334140.pdf
SOFTWARE-ENGINEER,12635195.pdf
SOFTWARE-ENGINEER,12763627.pdf
SOFTWARE-ENGINEER,13. Md Fahmid Ul Alam Juboraj_ CV.pdf
SOFTWARE-ENGINEER,13385306.pdf
SOFTWARE-ENGINEER,13405733.pdf
SOFTWARE-ENGINEER,13477922.pdf
SOFTWARE-ENGINEER,13836471.pdf
SOFTWARE-ENGINEER,14. Md Khaled Arman Rakib.pdf
SOFTWARE-ENGINEER,14789139.pdf
SOFTWARE-ENGINEER,15. Md. Habibur Rahman.pdf
SOFTWARE-ENGINEER,15118506.pdf
SOFTWARE-ENGINEER,15297298.pdf
SOFTWARE-ENGINEER,15651486.pdf
SOFTWARE-ENGINEER,15791766.pdf
SOFTWARE-ENGINEER,15802627.pdf
SOFTWARE-ENGINEER,16. Md. Mohshiu Islam Khan.pdf
SOFTWARE-ENGINEER,16186411.pdf
SOFTWARE-ENGINEER,16533554.pdf
SOFTWARE-ENGINEER,16899268.pdf
SOFTWARE-ENGINEER,17. Md. Samir Al Fayed Ifti-5 (1).pdf
SOFTWARE-ENGINEER,17111768.pdf
SOFTWARE-ENGINEER,17641670.pdf
SOFTWARE-ENGINEER,17681064.pdf
SOFTWARE-ENGINEER,17688766.pdf
SOFTWARE-ENGINEER,17987433.pdf
SOFTWARE-ENGINEER,18. Mir-Arnab-Kabir-Resume.pdf
SOFTWARE-ENGINEER,18067556.pdf
SOFTWARE-ENGINEER,18159866.pdf
SOFTWARE-ENGINEER,18176523.pdf
SOFTWARE-ENGINEER,18187364.pdf
SOFTWARE-ENGINEER,18301617.pdf
SOFTWARE-ENGINEER,18752129.pdf
SOFTWARE-ENGINEER,19. Mohammad-Ziaul-Haque-Abbas- (1).pdf
SOFTWARE-ENGINEER,19201175.pdf
SOFTWARE-ENGINEER,19796840.pdf
SOFTWARE-ENGINEER,19850482.pdf
SOFTWARE-ENGINEER,2. Aqib Ahamed.pdf
SOFTWARE-ENGINEER,20. Munia Sarwat Khan Resume BA.pdf
SOFTWARE-ENGINEER,20001721.pdf
SOFTWARE-ENGINEER,20024870.pdf
SOFTWARE-ENGINEER,20237244.pdf
SOFTWARE-ENGINEER,20408458.pdf
SOFTWARE-ENGINEER,20674668.pdf
SOFTWARE-ENGINEER,20824105.pdf
SOFTWARE-ENGINEER,20879311.pdf
SOFTWARE-ENGINEER,21. namira (cv).pdf
SOFTWARE-ENGINEER,21283365.pdf
SOFTWARE-ENGINEER,21780877.pdf
SOFTWARE-ENGINEER,22. Nazrul_Islam_Fresher_(IIUC).pdf
SOFTWARE-ENGINEER,22450718.pdf
SOFTWARE-ENGINEER,22776912.pdf
SOFTWARE-ENGINEER,23. Preti-Chakra-Borty-CV.pdf
SOFTWARE-ENGINEER,23527321.pdf
SOFTWARE-ENGINEER,23666211.pdf
SOFTWARE-ENGINEER,23864648.pdf
SOFTWARE-ENGINEER,24. FARHANA EYESMEEN MARIA.pdf
SOFTWARE-ENGINEER,24020470.pdf
SOFTWARE-ENGINEER,24038620.pdf
SOFTWARE-ENGINEER,24083609.pdf
SOFTWARE-ENGINEER,24230851.pdf
SOFTWARE-ENGINEER,24889109.pdf
SOFTWARE-ENGINEER,24913648.pdf
SOFTWARE-ENGINEER,25. Md. Sharif Ullah.pdf
SOFTWARE-ENGINEER,25207620.pdf
SOFTWARE-ENGINEER,25857360.pdf
SOFTWARE-ENGINEER,25905275.pdf
SOFTWARE-ENGINEER,25959103.pdf
SOFTWARE-ENGINEER,25990239.pdf
SOFTWARE-ENGINEER,26. Kazi Mahfujur Rahman (Data Analyst).pdf
SOFTWARE-ENGINEER,26480367.pdf
SOFTWARE-ENGINEER,26746496.pdf
SOFTWARE-ENGINEER,26768723.pdf
SOFTWARE-ENGINEER,26801767.pdf
SOFTWARE-ENGINEER,27. Tanzila A Rafiq-1.pdf
SOFTWARE-ENGINEER,27058381.pdf
SOFTWARE-ENGINEER,27295996.pdf
SOFTWARE-ENGINEER,27372171.pdf
SOFTWARE-ENGINEER,27485716.pdf
SOFTWARE-ENGINEER,27536013.pdf
SOFTWARE-ENGINEER,27770859.pdf
SOFTWARE-ENGINEER,28. Rownok Shihab Resume.pdf
SOFTWARE-ENGINEER,28035460.pdf
SOFTWARE-ENGINEER,28126340.pdf
SOFTWARE-ENGINEER,28672970.pdf
SOFTWARE-ENGINEER,28697203.pdf
SOFTWARE-ENGINEER,28897981.pdf
SOFTWARE-ENGINEER,29. Sakib Faisal_Resume (2).pdf
SOFTWARE-ENGINEER,29051656.pdf
SOFTWARE-ENGINEER,29075857.pdf
SOFTWARE-ENGINEER,29975124.pdf
SOFTWARE-ENGINEER,3. AshfaqUAhmed.pdf
SOFTWARE-ENGINEER,30. Sauda Adiv Hanum.pdf
SOFTWARE-ENGINEER,30223363.pdf
SOFTWARE-ENGINEER,31. Suraiya_Hasan_resume.pdf
SOFTWARE-ENGINEER,31111279.pdf
SOFTWARE-ENGINEER,31243710.pdf
SOFTWARE-ENGINEER,32959732.pdf
SOFTWARE-ENGINEER,33241454.pdf
SOFTWARE-ENGINEER,33381211.pdf
SOFTWARE-ENGINEER,35325329.pdf
SOFTWARE-ENGINEER,36434348.pdf
SOFTWARE-ENGINEER,36856210.pdf
SOFTWARE-ENGINEER,37242217.pdf
SOFTWARE-ENGINEER,37764298.pdf
SOFTWARE-ENGINEER,38753827.pdf
SOFTWARE-ENGINEER,39413067.pdf
SOFTWARE-ENGINEER,39718499.pdf
SOFTWARE-ENGINEER,4. Maria.pdf
SOFTWARE-ENGINEER,40018190.pdf
SOFTWARE-ENGINEER,41344156.pdf
SOFTWARE-ENGINEER,46260230.pdf
SOFTWARE-ENGINEER,48037995.pdf
SOFTWARE-ENGINEER,5. Partho Protim.pdf
SOFTWARE-ENGINEER,51363762.pdf
SOFTWARE-ENGINEER,51639418.pdf
SOFTWARE-ENGINEER,52246737.pdf
SOFTWARE-ENGINEER,52618188.pdf
SOFTWARE-ENGINEER,57002858.pdf
SOFTWARE-ENGINEER,6. Fariya Islam.pdf
SOFTWARE-ENGINEER,64017585.pdf
SOFTWARE-ENGINEER,66832845.pdf
SOFTWARE-ENGINEER,68460556.pdf
SOFTWARE-ENGINEER,7. Faysal_Miah.pdf
SOFTWARE-ENGINEER,70089206.pdf
SOFTWARE-ENGINEER,79541391.pdf
SOFTWARE-ENGINEER,8. Ishtiana Haque(tiana).pdf
SOFTWARE-ENGINEER,81761658.pdf
SOFTWARE-ENGINEER,83816738.pdf
SOFTWARE-ENGINEER,89413122.pdf
SOFTWARE-ENGINEER,9. Israt Jahan.pdf
SOFTWARE-ENGINEER,90867631.pdf
SOFTWARE-ENGINEER,91121135.pdf
SOFTWARE-ENGINEER,91635250.pdf
SOFTWARE-ENGINEER,91697974.pdf
SOFTWARE-ENGINEER,92069209.pdf
SOFTWARE-ENGINEER,A. S. M. Tawfiqur Rahman.pdf
SOFTWARE-ENGINEER,Abir Hussain Khan Abid.pdf
SOFTWARE-ENGINEER,Abu Saleh Md. Nafis.pdf
SOFTWARE-ENGINEER,Abu_Raihan_Titas_CV __Database (1).pdf
SOFTWARE-ENGINEER,Afid Md Azwad.pdf
SOFTWARE-ENGINEER,Afsari__Database 2 1.pdf
SOFTWARE-ENGINEER,Ahmad_Zubair_BRACU.pdf
SOFTWARE-ENGINEER,Ahnaf Muttaki.pdf
SOFTWARE-ENGINEER,Alisha Zaman Khan.pdf
SOFTWARE-ENGINEER,AMINUL 1 2.pdf
SOFTWARE-ENGINEER,Aminul Islam Mamun.pdf
SOFTWARE-ENGINEER,Anasua Mazumder  (1).pdf
SOFTWARE-ENGINEER,Anik Barua.pdf
SOFTWARE-ENGINEER,Anisuzzaman__Database.pdf
SOFTWARE-ENGINEER,Anisuzzamna_Databse 3.pdf
SOFTWARE-ENGINEER,Ankan Shahriar Islam.pdf
SOFTWARE-ENGINEER,Ariful Islam.pdf
SOFTWARE-ENGINEER,Arjun Sengupta's Resume 3.pdf
SOFTWARE-ENGINEER,Ashif Ahmed Khan.pdf
SOFTWARE-ENGINEER,Asif Ul Huque.pdf
SOFTWARE-ENGINEER,Ayub_database (1).pdf
SOFTWARE-ENGINEER,Bondhan Podder - Designer..pdf
SOFTWARE-ENGINEER,Bony_database (1).pdf
SOFTWARE-ENGINEER,CV OF Anik Chakraborty.pdf
SOFTWARE-ENGINEER,CV of Israt Jahan - Israt Jahan.pdf
SOFTWARE-ENGINEER,CV of Md Mohaimenur Rahman - MD MOHAIMENUR RAHMAN.pdf
SOFTWARE-ENGINEER,CV-Md. Mahmudul Hasan (1).pdf
SOFTWARE-ENGINEER,Cv_MdShahriar_Tasjid__Database 2 1.pdf
SOFTWARE-ENGINEER,CV_of_Deboky_Saha_Database (1).pdf
SOFTWARE-ENGINEER,CV_Soumik_Datta_CS.pdf
SOFTWARE-ENGINEER,Debashish Sarker.pdf
SOFTWARE-ENGINEER,Diptonil Singho Dhrubo.pdf
SOFTWARE-ENGINEER,FarihaPromi  1.pdf
SOFTWARE-ENGINEER,Faysal Ahmmad.pdf
SOFTWARE-ENGINEER,Fazle Rabbi Ferdaus.pdf
SOFTWARE-ENGINEER,Firoz Mahmud.pdf
SOFTWARE-ENGINEER,Fuad Hasan.pdf
SOFTWARE-ENGINEER,G.M.Taskim. Resume 1.pdf
SOFTWARE-ENGINEER,Gourango Modak.pdf
SOFTWARE-ENGINEER,Hasan Shahriar Fahim.pdf
SOFTWARE-ENGINEER,Hasibul Alam Rahi.pdf
SOFTWARE-ENGINEER,Imtiaz Mahmud UIUX Designer 1.pdf
SOFTWARE-ENGINEER,Jadir Ibna Hasan.pdf
SOFTWARE-ENGINEER,Jasiya Fairiz Raisa.pdf
SOFTWARE-ENGINEER,Kaniz Fatema_Resume.pdf
SOFTWARE-ENGINEER,Lamia Akter.pdf
SOFTWARE-ENGINEER,Limon_Resume_UIU.pdf
SOFTWARE-ENGINEER,Linia E Jannat_Resume.pdf
SOFTWARE-ENGINEER,M.M.Tanvir_Ahmed_Cv _SQA.pdf
SOFTWARE-ENGINEER,Mahbub_Database 1.pdf
SOFTWARE-ENGINEER,mahfuzur_resume.pdf
SOFTWARE-ENGINEER,Mahiya Hasan.pdf
SOFTWARE-ENGINEER,Manosh Talukder.pdf
SOFTWARE-ENGINEER,MAROF BILLAH (1).pdf
SOFTWARE-ENGINEER,Md Abdur Rahaman Raju.pdf
SOFTWARE-ENGINEER,Md Imran Khan.pdf
SOFTWARE-ENGINEER,Md Ismail Hosen.pdf
SOFTWARE-ENGINEER,Md Minhazul Billah.pdf
SOFTWARE-ENGINEER,Md Salekin Newaz.pdf
SOFTWARE-ENGINEER,Md. Abdullah Al Noman.pdf
SOFTWARE-ENGINEER,Md. Akif Zaman.pdf
SOFTWARE-ENGINEER,Md. Aminul Islam.pdf
SOFTWARE-ENGINEER,Md. Anjarul Islam.pdf
SOFTWARE-ENGINEER,Md. Arifuzzaman Chowdhury Arif.pdf
SOFTWARE-ENGINEER,Md. Asaduzzaman.pdf
SOFTWARE-ENGINEER,Md. Ashiquzzaman.pdf
SOFTWARE-ENGINEER,Md. Atiqur Rahman Foyshal.pdf
SOFTWARE-ENGINEER,Md. Atiqur Rahman.pdf
SOFTWARE-ENGINEER,Md. Aukerul Moin Shuvo.pdf
SOFTWARE-ENGINEER,Md. Azfar Inan.pdf
SOFTWARE-ENGINEER,Md. Azmir Afridi Khan.pdf
SOFTWARE-ENGINEER,Md. Bajlur Rashid.pdf
SOFTWARE-ENGINEER,Md. Borhan Uddin Sarker.pdf
SOFTWARE-ENGINEER,Md. Emad Uddin Aksir_resume - Md. Emad Uddin Aksir.pdf
SOFTWARE-ENGINEER,Md. Hafizur Rahman Arfin.pdf
SOFTWARE-ENGINEER,Md. Imam Hasan.pdf
SOFTWARE-ENGINEER,Md. Juhan Hossain.pdf
SOFTWARE-ENGINEER,Md. Mahfuzur Rahman.pdf
SOFTWARE-ENGINEER,Md. Mazharul Islam.pdf
SOFTWARE-ENGINEER,Md. Mehedi Hasan.pdf
SOFTWARE-ENGINEER,Md. Mesbaul Hasan.pdf
SOFTWARE-ENGINEER,Md. Najrul Islam.pdf
SOFTWARE-ENGINEER,Md. Omar Faruq Sarker.pdf
SOFTWARE-ENGINEER,Md. Rabius Sani Khan.pdf
SOFTWARE-ENGINEER,Md. Rasedur Rahman.pdf
SOFTWARE-ENGINEER,Md. Ruhul Amin Rahat.pdf
SOFTWARE-ENGINEER,Md. Ruhul Amin.pdf
SOFTWARE-ENGINEER,Md. Saiful Islam Raihan.pdf
SOFTWARE-ENGINEER,Md. Samiul Alim.pdf
SOFTWARE-ENGINEER,Md. Sani Mia.pdf
SOFTWARE-ENGINEER,Md. Shahin Bashar.pdf
SOFTWARE-ENGINEER,Md. Shajahan Islam Sani.pdf
SOFTWARE-ENGINEER,Md. Shamsul Tahsin Zilani.pdf
SOFTWARE-ENGINEER,Md. Tauhidul Islam Bhuiyan_SQA.pdf
SOFTWARE-ENGINEER,Md.Taskinur Rahman.pdf
SOFTWARE-ENGINEER,Md_Rupak_Amin.pdf
SOFTWARE-ENGINEER,Mehedi Hasan.pdf
SOFTWARE-ENGINEER,Minhazur Rahman_SQA Engineer.pdf
SOFTWARE-ENGINEER,Mirza Sohel_Database (1).pdf
SOFTWARE-ENGINEER,Mohammad Abdul Ahad.pdf
SOFTWARE-ENGINEER,Mohammad Mizanur Rahman.pdf
SOFTWARE-ENGINEER,Mohammad Sadat Hussain Rafsanjani.pdf
SOFTWARE-ENGINEER,Mohammad Safayet Hossain.pdf
SOFTWARE-ENGINEER,Momshad Dinury.pdf
SOFTWARE-ENGINEER,Monjurul Islam_Database (1).pdf
SOFTWARE-ENGINEER,Muhammad Mahmudun Nabi.pdf
SOFTWARE-ENGINEER,Muntasir Rahman Mahin.pdf
SOFTWARE-ENGINEER,Naib-Uddin-JNU.pdf
SOFTWARE-ENGINEER,Nazma-Sarker-sqa 1.pdf
SOFTWARE-ENGINEER,Nazmus Sakib Patwary.pdf
SOFTWARE-ENGINEER,Nishat Farzana.pdf
SOFTWARE-ENGINEER,Noshin Tasnim.pdf
SOFTWARE-ENGINEER,Nusrat Jahan.pdf
SOFTWARE-ENGINEER,Popy.SQA 1.pdf
SOFTWARE-ENGINEER,Proshanta Barman.pdf
SOFTWARE-ENGINEER,Rabbi.SQA.pdf
SOFTWARE-ENGINEER,Rabbi_Hasan_QA - Rabbi Hasan.pdf
SOFTWARE-ENGINEER,Rafiqul Islam Resume SQA.pdf
SOFTWARE-ENGINEER,Rafnun-CV-new 1.pdf
SOFTWARE-ENGINEER,Redoan Hasan Khan.pdf
SOFTWARE-ENGINEER,Resume of Ove Pramanik..pdf
SOFTWARE-ENGINEER,Resume_ Abu Jafor_ SQA.pdf
SOFTWARE-ENGINEER,Resume_Tanmoy - Tonmoy Datta.pdf
SOFTWARE-ENGINEER,S.M. Obidul Kader.pdf
SOFTWARE-ENGINEER,Sabbir Ahmed.pdf
SOFTWARE-ENGINEER,Saiara Zerin Nibras.pdf
SOFTWARE-ENGINEER,Sanim Ahmed Niloy.pdf
SOFTWARE-ENGINEER,Sanjida Afrin Resume.pdf
SOFTWARE-ENGINEER,Sayem Pasha.pdf
SOFTWARE-ENGINEER,Shadman-Bin-Sharife_CV 1.pdf
SOFTWARE-ENGINEER,Shakib Ahmed Chowdhury.pdf
SOFTWARE-ENGINEER,Sharif Abdullah Rifat.pdf
SOFTWARE-ENGINEER,Shatabdi Biswas Swarna.pdf
SOFTWARE-ENGINEER,Shuhana-Jahan-Riya-QA_Fresher_NSTU.pdf
SOFTWARE-ENGINEER,SHUSHANTO CHOWDHURY SHUVO.pdf
SOFTWARE-ENGINEER,Sifat Ul Alam.pdf
SOFTWARE-ENGINEER,Standard CV - Sajid Alam Chowdhury_Database (1).pdf
SOFTWARE-ENGINEER,Sudipto Roy.pdf
SOFTWARE-ENGINEER,Syed Tahsin Ahmed.pdf
SOFTWARE-ENGINEER,Symoon Zadid.pdf
SOFTWARE-ENGINEER,Tahsin Ahmed.pdf
SOFTWARE-ENGINEER,Tanvir Ahmod.pdf
SOFTWARE-ENGINEER,Tarikul Islam.pdf
SOFTWARE-ENGINEER,Tauhidur_Rahman-AUST.pdf
SOFTWARE-ENGINEER,Tisha.pdf
SOFTWARE-ENGINEER,Touhid_AUST_SQA.pdf
SOFTWARE-ENGINEER,Umme Rukaya Suny.pdf
SOFTWARE-ENGINEER,Washiq Anwar Shamsi.pdf
SOFTWARE-ENGINEER,Yasir Araphat MD.pdf
SOFTWARE-ENGINEER,Yusuf Ahmed.pdf
SOFTWARE-ENGINEER,Ziad Mohib.pdf
SOFTWARE-ENGINEER,Zubair Islam.pdf
TEACHER,10504237.pdf
TEACHER,10527994.pdf
TEACHER,10909720.pdf
TEACHER,11336022.pdf
TEACHER,11616482.pdf
TEACHER,11943065.pdf
TEACHER,12467531.pdf
TEACHER,12587973.pdf
TEACHER,13087952.pdf
TEACHER,13296856.pdf
TEACHER,13330982.pdf
TEACHER,13583538.pdf
TEACHER,13855004.pdf
TEACHER,14958913.pdf
TEACHER,15850434.pdf
TEACHER,15899269.pdf
TEACHER,16210888.pdf
TEACHER,16270906.pdf
TEACHER,16820422.pdf
TEACHER,17311685.pdf
TEACHER,17481570.pdf
TEACHER,18001081.pdf
TEACHER,19302310.pdf
TEACHER,19464810.pdf
TEACHER,19556300.pdf
TEACHER,19786924.pdf
TEACHER,19918523.pdf
TEACHER,20230207.pdf
TEACHER,20399718.pdf
TEACHER,20478831.pdf
TEACHER,20626794.pdf
TEACHER,21531811.pdf
TEACHER,21550454.pdf
TEACHER,21611212.pdf
TEACHER,21773106.pdf
TEACHER,22056333.pdf
TEACHER,22408666.pdf
TEACHER,22510753.pdf
TEACHER,22551979.pdf
TEACHER,22632070.pdf
TEACHER,22807104.pdf
TEACHER,22884757.pdf
TEACHER,22968380.pdf
TEACHER,23398843.pdf
TEACHER,23628651.pdf
TEACHER,23939133.pdf
TEACHER,24240349.pdf
TEACHER,24791126.pdf
TEACHER,25588694.pdf
TEACHER,25729119.pdf
TEACHER,27126818.pdf
TEACHER,27524018.pdf
TEACHER,27531694.pdf
TEACHER,27798860.pdf
TEACHER,28013287.pdf
TEACHER,28063132.pdf
TEACHER,28086303.pdf
TEACHER,28642819.pdf
TEACHER,28772892.pdf
TEACHER,28933005.pdf
TEACHER,29267293.pdf
TEACHER,29486525.pdf
TEACHER,29639533.pdf
TEACHER,29797594.pdf
TEACHER,29930479.pdf
TEACHER,31552617.pdf
TEACHER,32067700.pdf
TEACHER,33704389.pdf
TEACHER,34033933.pdf
TEACHER,34465087.pdf
TEACHER,34689720.pdf
TEACHER,34745915.pdf
TEACHER,35421497.pdf
TEACHER,36206485.pdf
TEACHER,36569713.pdf
TEACHER,37402097.pdf
TEACHER,37660306.pdf
TEACHER,38750659.pdf
TEACHER,45286020.pdf
TEACHER,45987048.pdf
TEACHER,48547319.pdf
TEACHER,49285644.pdf
TEACHER,51209395.pdf
TEACHER,53129155.pdf
TEACHER,58105060.pdf
TEACHER,58665241.pdf
TEACHER,58708773.pdf
TEACHER,62184086.pdf
TEACHER,63391085.pdf
TEACHER,66683238.pdf
TEACHER,66906212.pdf
TEACHER,69005326.pdf
TEACHER,69532425.pdf
TEACHER,70892619.pdf
TEACHER,74816727.pdf
TEACHER,76196367.pdf
TEACHER,79663360.pdf
TEACHER,86322251.pdf
TEACHER,86597425.pdf
TEACHER,90363254.pdf
TEACHER,96547039.pdf
TEACHER,99244405.pdf
